tag_code,display_name,category,description,grade_required,region_required,is_unified_qualification,compatible_grades
GEN-A,一般公募,一般,一般公募案件,,,
GEN-B,一般競争入札,一般,一般競争入札案件,,,
GEN-C,指名競争入札,一般,指名競争入札案件,,,
GEN-D,随意契約,一般,随意契約案件,,,
CON-A,建設一式,建設,建設一式工事,,,
CON-B,建設専門,建設,建設専門工事,,,
CON-C,土木一式,建設,土木一式工事,,,
CON-D,土木専門,建設,土木専門工事,,,
CON-E,舗装,建設,舗装工事,,,
CON-F,造園,建设,造园工事,,,
CON-G,さく井,建设,さく井工事,,,
CON-H,建築一式,建设,建築一式工事,,,
CON-I,建築専門,建设,建築専門工事,,,
CON-J,電気,建设,電気工事,,,
CON-K,管,建设,管工事,,,
CON-L,消防施設,建设,消防施設工事,,,
CON-M,清掃施設,建设,清掃施設工事,,,
CON-N,解体,建设,解体工事,,,
SUR-A,測量,測量,測量業務,,,
SUR-B,地質調査,測量,地質調査業務,,,
SUR-C,補償コンサルタント,測量,補償コンサルタント業務,,,
DES-A,建設コンサルタント,設計,建設コンサルタント業務,,,
DES-B,補償コンサルタント,設計,補償コンサルタント業務,,,