municipality_code,prefecture,name,type,base_url,bid_url_pattern,bid_system,parser_type
011002,北海道,札幌市,designated_city,https://www.city.sapporo.jp/,https://search.geps.go.jp/search?q=%E6%9C%AD%E5%B9%8C%E5%B8%82&pref=01,GEPS,generic
012025,北海道,函館市,core_city,https://www.city.hakodate.hokkaido.jp/,https://search.geps.go.jp/search?q=%E5%87%BD%E9%A4%A8%E5%B8%82&pref=01,GEPS,generic
012041,北海道,旭川市,core_city,https://www.city.asahikawa.hokkaido.jp/,https://search.geps.go.jp/search?q=%E6%97%AD%E5%B7%9D%E5%B8%82&pref=01,GEPS,generic
022012,青森県,青森市,core_city,https://www.city.aomori.aomori.jp/,https://search.geps.go.jp/search?q=%E9%9D%92%E6%A3%AE%E5%B8%82&pref=02,GEPS,generic
022039,青森県,八戸市,core_city,https://www.city.hachinohe.aomori.jp/,https://search.geps.go.jp/search?q=%E5%85%AB%E6%88%B8%E5%B8%82&pref=02,GEPS,generic
032018,岩手県,盛岡市,core_city,https://www.city.morioka.iwate.jp/,https://search.geps.go.jp/search?q=%E7%9B%9B%E5%B2%A1%E5%B8%82&pref=03,GEPS,generic
041009,宮城県,仙台市,designated_city,https://www.city.sendai.jp/,https://search.geps.go.jp/search?q=%E4%BB%99%E5%8F%B0%E5%B8%82&pref=04,GEPS,generic
052019,秋田県,秋田市,core_city,https://www.city.akita.lg.jp/,https://search.geps.go.jp/search?q=%E7%A7%8B%E7%94%B0%E5%B8%82&pref=05,GEPS,generic
062014,山形県,山形市,core_city,https://www.city.yamagata-yamagata.lg.jp/,https://search.geps.go.jp/search?q=%E5%B1%B1%E5%BD%A2%E5%B8%82&pref=06,GEPS,generic
072010,福島県,福島市,core_city,https://www.city.fukushima.fukushima.jp/,https://search.geps.go.jp/search?q=%E7%A6%8F%E5%B3%B6%E5%B8%82&pref=07,GEPS,generic
072036,福島県,郡山市,core_city,https://www.city.koriyama.lg.jp/,https://search.geps.go.jp/search?q=%E9%83%A1%E5%B1%B1%E5%B8%82&pref=07,GEPS,generic
072044,福島県,いわき市,core_city,https://www.city.iwaki.lg.jp/www/index.html,https://search.geps.go.jp/search?q=%E3%81%84%E3%82%8F%E3%81%8D%E5%B8%82&pref=07,GEPS,generic
082015,茨城県,水戸市,core_city,https://www.city.mito.lg.jp/,https://search.geps.go.jp/search?q=%E6%B0%B4%E6%88%B8%E5%B8%82&pref=08,GEPS,generic
092011,栃木県,宇都宮市,core_city,https://www.city.utsunomiya.lg.jp/,https://search.geps.go.jp/search?q=%E5%AE%87%E9%83%BD%E5%AE%AE%E5%B8%82&pref=09,GEPS,generic
102016,群馬県,前橋市,core_city,https://www.city.maebashi.gunma.jp/,https://search.geps.go.jp/search?q=%E5%89%8D%E6%A9%8B%E5%B8%82&pref=10,GEPS,generic
102024,群馬県,高崎市,core_city,https://www.city.takasaki.gunma.jp/,https://search.geps.go.jp/search?q=%E9%AB%98%E5%B4%8E%E5%B8%82&pref=10,GEPS,generic
111007,埼玉県,さいたま市,designated_city,https://www.city.saitama.jp/,https://search.geps.go.jp/search?q=%E3%81%95%E3%81%84%E3%81%9F%E3%81%BE%E5%B8%82&pref=11,GEPS,generic
112011,埼玉県,川越市,core_city,https://www.city.kawagoe.saitama.jp/,https://search.geps.go.jp/search?q=%E5%B7%9D%E8%B6%8A%E5%B8%82&pref=11,GEPS,generic
112038,埼玉県,川口市,core_city,https://www.city.kawaguchi.lg.jp/,https://search.geps.go.jp/search?q=%E5%B7%9D%E5%8F%A3%E5%B8%82&pref=11,GEPS,generic
112224,埼玉県,越谷市,core_city,https://www.city.koshigaya.saitama.jp/,https://search.geps.go.jp/search?q=%E8%B6%8A%E8%B0%B7%E5%B8%82&pref=11,GEPS,generic
121002,千葉県,千葉市,designated_city,https://www.city.chiba.jp/,https://search.geps.go.jp/search?q=%E5%8D%83%E8%91%89%E5%B8%82&pref=12,GEPS,generic
122041,千葉県,船橋市,core_city,https://www.city.funabashi.lg.jp/,https://search.geps.go.jp/search?q=%E8%88%B9%E6%A9%8B%E5%B8%82&pref=12,GEPS,generic
122173,千葉県,柏市,core_city,https://www.city.kashiwa.lg.jp/,https://search.geps.go.jp/search?q=%E6%9F%8F%E5%B8%82&pref=12,GEPS,generic
131016,東京都,千代田区,special_ward,https://www.city.chiyoda.lg.jp/,https://search.geps.go.jp/search?q=%E5%8D%83%E4%BB%A3%E7%94%B0%E5%8C%BA&pref=13,GEPS,generic
131024,東京都,中央区,special_ward,https://www.city.chuo.lg.jp/,https://search.geps.go.jp/search?q=%E4%B8%AD%E5%A4%AE%E5%8C%BA&pref=13,GEPS,generic
131032,東京都,港区,special_ward,https://www.city.minato.tokyo.jp/,https://search.geps.go.jp/search?q=%E6%B8%AF%E5%8C%BA&pref=13,GEPS,generic
131041,東京都,新宿区,special_ward,https://www.city.shinjuku.lg.jp/,https://search.geps.go.jp/search?q=%E6%96%B0%E5%AE%BF%E5%8C%BA&pref=13,GEPS,generic
131059,東京都,文京区,special_ward,https://www.city.bunkyo.lg.jp/,https://search.geps.go.jp/search?q=%E6%96%87%E4%BA%AC%E5%8C%BA&pref=13,GEPS,generic
131067,東京都,台東区,special_ward,https://www.city.taito.lg.jp/,https://search.geps.go.jp/search?q=%E5%8F%B0%E6%9D%B1%E5%8C%BA&pref=13,GEPS,generic
131075,東京都,墨田区,special_ward,https://www.city.sumida.lg.jp/,https://search.geps.go.jp/search?q=%E5%A2%A8%E7%94%B0%E5%8C%BA&pref=13,GEPS,generic
131083,東京都,江東区,special_ward,https://www.city.koto.lg.jp/,https://search.geps.go.jp/search?q=%E6%B1%9F%E6%9D%B1%E5%8C%BA&pref=13,GEPS,generic
131091,東京都,品川区,special_ward,https://www.city.shinagawa.tokyo.jp/,https://search.geps.go.jp/search?q=%E5%93%81%E5%B7%9D%E5%8C%BA&pref=13,GEPS,generic
131105,東京都,目黒区,special_ward,https://www.city.meguro.tokyo.jp/,https://search.geps.go.jp/search?q=%E7%9B%AE%E9%BB%92%E5%8C%BA&pref=13,GEPS,generic
131113,東京都,大田区,special_ward,https://www.city.ota.tokyo.jp/,https://search.geps.go.jp/search?q=%E5%A4%A7%E7%94%B0%E5%8C%BA&pref=13,GEPS,generic
131121,東京都,世田谷区,special_ward,https://www.city.setagaya.lg.jp/index.html,https://search.geps.go.jp/search?q=%E4%B8%96%E7%94%B0%E8%B0%B7%E5%8C%BA&pref=13,GEPS,generic
131130,東京都,渋谷区,special_ward,https://www.city.shibuya.tokyo.jp/,https://search.geps.go.jp/search?q=%E6%B8%8B%E8%B0%B7%E5%8C%BA&pref=13,GEPS,generic
131148,東京都,中野区,special_ward,https://www.city.tokyo-nakano.lg.jp/,https://search.geps.go.jp/search?q=%E4%B8%AD%E9%87%8E%E5%8C%BA&pref=13,GEPS,generic
131156,東京都,杉並区,special_ward,https://www.city.suginami.tokyo.jp/,https://search.geps.go.jp/search?q=%E6%9D%89%E4%B8%A6%E5%8C%BA&pref=13,GEPS,generic
131164,東京都,豊島区,special_ward,https://www.city.toshima.lg.jp/index.html,https://search.geps.go.jp/search?q=%E8%B1%8A%E5%B3%B6%E5%8C%BA&pref=13,GEPS,generic
131172,東京都,北区,special_ward,https://www.city.kita.tokyo.jp/,https://search.geps.go.jp/search?q=%E5%8C%97%E5%8C%BA&pref=13,GEPS,generic
131181,東京都,荒川区,special_ward,https://www.city.arakawa.tokyo.jp/,https://search.geps.go.jp/search?q=%E8%8D%92%E5%B7%9D%E5%8C%BA&pref=13,GEPS,generic
131199,東京都,板橋区,special_ward,https://www.city.itabashi.tokyo.jp/,https://search.geps.go.jp/search?q=%E6%9D%BF%E6%A9%8B%E5%8C%BA&pref=13,GEPS,generic
131202,東京都,練馬区,special_ward,https://www.city.nerima.tokyo.jp/,https://search.geps.go.jp/search?q=%E7%B7%B4%E9%A6%AC%E5%8C%BA&pref=13,GEPS,generic
131211,東京都,足立区,special_ward,https://www.city.adachi.tokyo.jp/,https://search.geps.go.jp/search?q=%E8%B6%B3%E7%AB%8B%E5%8C%BA&pref=13,GEPS,generic
131229,東京都,葛飾区,special_ward,https://www.city.katsushika.lg.jp/,https://search.geps.go.jp/search?q=%E8%91%9B%E9%A3%BE%E5%8C%BA&pref=13,GEPS,generic
131237,東京都,江戸川区,special_ward,https://www.city.edogawa.tokyo.jp/,https://search.geps.go.jp/search?q=%E6%B1%9F%E6%88%B8%E5%B7%9D%E5%8C%BA&pref=13,GEPS,generic
132012,東京都,八王子市,core_city,https://www.city.hachioji.tokyo.jp/,https://search.geps.go.jp/search?q=%E5%85%AB%E7%8E%8B%E5%AD%90%E5%B8%82&pref=13,GEPS,generic
141003,神奈川県,横浜市,designated_city,https://www.city.yokohama.lg.jp/,https://search.geps.go.jp/search?q=%E6%A8%AA%E6%B5%9C%E5%B8%82&pref=14,GEPS,generic
141305,神奈川県,川崎市,designated_city,https://www.city.kawasaki.jp/,https://search.geps.go.jp/search?q=%E5%B7%9D%E5%B4%8E%E5%B8%82&pref=14,GEPS,generic
141500,神奈川県,相模原市,designated_city,https://www.city.sagamihara.kanagawa.jp/,https://search.geps.go.jp/search?q=%E7%9B%B8%E6%A8%A1%E5%8E%9F%E5%B8%82&pref=14,GEPS,generic
142018,神奈川県,横須賀市,core_city,https://www.city.yokosuka.kanagawa.jp/index.html,https://search.geps.go.jp/search?q=%E6%A8%AA%E9%A0%88%E8%B3%80%E5%B8%82&pref=14,GEPS,generic
151009,新潟県,新潟市,designated_city,https://www.city.niigata.lg.jp/,https://search.geps.go.jp/search?q=%E6%96%B0%E6%BD%9F%E5%B8%82&pref=15,GEPS,generic
162019,富山県,富山市,core_city,https://www.city.toyama.toyama.jp/,https://search.geps.go.jp/search?q=%E5%AF%8C%E5%B1%B1%E5%B8%82&pref=16,GEPS,generic
172014,石川県,金沢市,core_city,https://www4.city.kanazawa.lg.jp/index.html,https://search.geps.go.jp/search?q=%E9%87%91%E6%B2%A2%E5%B8%82&pref=17,GEPS,generic
182010,福井県,福井市,core_city,https://www.city.fukui.lg.jp/,https://search.geps.go.jp/search?q=%E7%A6%8F%E4%BA%95%E5%B8%82&pref=18,GEPS,generic
192015,山梨県,甲府市,core_city,https://www.city.kofu.yamanashi.jp/,https://search.geps.go.jp/search?q=%E7%94%B2%E5%BA%9C%E5%B8%82&pref=19,GEPS,generic
202011,長野県,長野市,core_city,https://www.city.nagano.nagano.jp/,https://search.geps.go.jp/search?q=%E9%95%B7%E9%87%8E%E5%B8%82&pref=20,GEPS,generic
202029,長野県,松本市,core_city,https://www.city.matsumoto.nagano.jp/,https://search.geps.go.jp/search?q=%E6%9D%BE%E6%9C%AC%E5%B8%82&pref=20,GEPS,generic
212016,岐阜県,岐阜市,core_city,https://www.city.gifu.lg.jp/,https://search.geps.go.jp/search?q=%E5%B2%90%E9%98%9C%E5%B8%82&pref=21,GEPS,generic
221007,静岡県,静岡市,designated_city,https://www.city.shizuoka.lg.jp/,https://search.geps.go.jp/search?q=%E9%9D%99%E5%B2%A1%E5%B8%82&pref=22,GEPS,generic
221309,静岡県,浜松市,designated_city,https://www.city.hamamatsu.shizuoka.jp/,https://search.geps.go.jp/search?q=%E6%B5%9C%E6%9D%BE%E5%B8%82&pref=22,GEPS,generic
231002,愛知県,名古屋市,designated_city,https://www.city.nagoya.jp/,https://search.geps.go.jp/search?q=%E5%90%8D%E5%8F%A4%E5%B1%8B%E5%B8%82&pref=23,GEPS,generic
232017,愛知県,豊橋市,core_city,https://www.city.toyohashi.lg.jp/,https://search.geps.go.jp/search?q=%E8%B1%8A%E6%A9%8B%E5%B8%82&pref=23,GEPS,generic
232025,愛知県,岡崎市,core_city,https://www.city.okazaki.lg.jp/index.html,https://search.geps.go.jp/search?q=%E5%B2%A1%E5%B4%8E%E5%B8%82&pref=23,GEPS,generic
232033,愛知県,一宮市,core_city,https://www.city.ichinomiya.aichi.jp/,https://search.geps.go.jp/search?q=%E4%B8%80%E5%AE%AE%E5%B8%82&pref=23,GEPS,generic
232114,愛知県,豊田市,core_city,https://www.city.toyota.aichi.jp/,https://search.geps.go.jp/search?q=%E8%B1%8A%E7%94%B0%E5%B8%82&pref=23,GEPS,generic
252018,滋賀県,大津市,core_city,https://www.city.otsu.lg.jp/,https://search.geps.go.jp/search?q=%E5%A4%A7%E6%B4%A5%E5%B8%82&pref=25,GEPS,generic
261009,京都府,京都市,designated_city,https://www.city.kyoto.lg.jp/,https://search.geps.go.jp/search?q=%E4%BA%AC%E9%83%BD%E5%B8%82&pref=26,GEPS,generic
271004,大阪府,大阪市,designated_city,https://www.city.osaka.lg.jp/,https://search.geps.go.jp/search?q=%E5%A4%A7%E9%98%AA%E5%B8%82&pref=27,GEPS,generic
271403,大阪府,堺市,designated_city,https://www.city.sakai.lg.jp/,https://search.geps.go.jp/search?q=%E5%A0%BA%E5%B8%82&pref=27,GEPS,generic
272035,大阪府,豊中市,core_city,https://www.city.toyonaka.osaka.jp/,https://search.geps.go.jp/search?q=%E8%B1%8A%E4%B8%AD%E5%B8%82&pref=27,GEPS,generic
272051,大阪府,吹田市,core_city,https://www.city.suita.osaka.jp/,https://search.geps.go.jp/search?q=%E5%90%B9%E7%94%B0%E5%B8%82&pref=27,GEPS,generic
272078,大阪府,高槻市,core_city,https://www.city.takatsuki.osaka.jp/,https://search.geps.go.jp/search?q=%E9%AB%98%E6%A7%BB%E5%B8%82&pref=27,GEPS,generic
272108,大阪府,枚方市,core_city,https://www.city.hirakata.osaka.jp/,https://search.geps.go.jp/search?q=%E6%9E%9A%E6%96%B9%E5%B8%82&pref=27,GEPS,generic
272124,大阪府,八尾市,core_city,https://www.city.yao.osaka.jp/,https://search.geps.go.jp/search?q=%E5%85%AB%E5%B0%BE%E5%B8%82&pref=27,GEPS,generic
272159,大阪府,寝屋川市,core_city,https://www.city.neyagawa.osaka.jp/,https://search.geps.go.jp/search?q=%E5%AF%9D%E5%B1%8B%E5%B7%9D%E5%B8%82&pref=27,GEPS,generic
272272,大阪府,東大阪市,core_city,https://www.city.higashiosaka.lg.jp/,https://search.geps.go.jp/search?q=%E6%9D%B1%E5%A4%A7%E9%98%AA%E5%B8%82&pref=27,GEPS,generic
281000,兵庫県,神戸市,designated_city,https://www.city.kobe.lg.jp/,https://search.geps.go.jp/search?q=%E7%A5%9E%E6%88%B8%E5%B8%82&pref=28,GEPS,generic
282014,兵庫県,姫路市,core_city,https://www.city.himeji.lg.jp/,https://search.geps.go.jp/search?q=%E5%A7%AB%E8%B7%AF%E5%B8%82&pref=28,GEPS,generic
282022,兵庫県,尼崎市,core_city,https://www.city.amagasaki.hyogo.jp/,https://search.geps.go.jp/search?q=%E5%B0%BC%E5%B4%8E%E5%B8%82&pref=28,GEPS,generic
282031,兵庫県,明石市,core_city,https://www.city.akashi.lg.jp/,https://search.geps.go.jp/search?q=%E6%98%8E%E7%9F%B3%E5%B8%82&pref=28,GEPS,generic
282049,兵庫県,西宮市,core_city,https://www.nishi.or.jp/,https://search.geps.go.jp/search?q=%E8%A5%BF%E5%AE%AE%E5%B8%82&pref=28,GEPS,generic
292010,奈良県,奈良市,core_city,https://www.city.nara.lg.jp/,https://search.geps.go.jp/search?q=%E5%A5%88%E8%89%AF%E5%B8%82&pref=29,GEPS,generic
302015,和歌山県,和歌山市,core_city,https://www.city.wakayama.wakayama.jp/,https://search.geps.go.jp/search?q=%E5%92%8C%E6%AD%8C%E5%B1%B1%E5%B8%82&pref=30,GEPS,generic
312011,鳥取県,鳥取市,core_city,https://www.city.tottori.lg.jp/www/index.html,https://search.geps.go.jp/search?q=%E9%B3%A5%E5%8F%96%E5%B8%82&pref=31,GEPS,generic
322016,島根県,松江市,core_city,https://www.city.matsue.lg.jp/,https://search.geps.go.jp/search?q=%E6%9D%BE%E6%B1%9F%E5%B8%82&pref=32,GEPS,generic
331007,岡山県,岡山市,designated_city,https://www.city.okayama.jp/,https://search.geps.go.jp/search?q=%E5%B2%A1%E5%B1%B1%E5%B8%82&pref=33,GEPS,generic
332020,岡山県,倉敷市,core_city,https://www.city.kurashiki.okayama.jp/,https://search.geps.go.jp/search?q=%E5%80%89%E6%95%B7%E5%B8%82&pref=33,GEPS,generic
341002,広島県,広島市,designated_city,https://www.city.hiroshima.lg.jp/,https://search.geps.go.jp/search?q=%E5%BA%83%E5%B3%B6%E5%B8%82&pref=34,GEPS,generic
342025,広島県,呉市,core_city,https://www.city.kure.lg.jp/,https://search.geps.go.jp/search?q=%E5%91%89%E5%B8%82&pref=34,GEPS,generic
342076,広島県,福山市,core_city,https://www.city.fukuyama.hiroshima.jp/,https://search.geps.go.jp/search?q=%E7%A6%8F%E5%B1%B1%E5%B8%82&pref=34,GEPS,generic
352012,山口県,下関市,core_city,https://www.city.shimonoseki.lg.jp/www/toppage/0000000000000/APM03000.html,https://search.geps.go.jp/search?q=%E4%B8%8B%E9%96%A2%E5%B8%82&pref=35,GEPS,generic
372013,香川県,高松市,core_city,https://www.city.takamatsu.kagawa.jp/,https://search.geps.go.jp/search?q=%E9%AB%98%E6%9D%BE%E5%B8%82&pref=37,GEPS,generic
382019,愛媛県,松山市,core_city,https://www.city.matsuyama.ehime.jp/,https://search.geps.go.jp/search?q=%E6%9D%BE%E5%B1%B1%E5%B8%82&pref=38,GEPS,generic
392014,高知県,高知市,core_city,https://www.city.kochi.kochi.jp/,https://search.geps.go.jp/search?q=%E9%AB%98%E7%9F%A5%E5%B8%82&pref=39,GEPS,generic
401005,福岡県,北九州市,designated_city,https://www.city.kitakyushu.lg.jp/,https://search.geps.go.jp/search?q=%E5%8C%97%E4%B9%9D%E5%B7%9E%E5%B8%82&pref=40,GEPS,generic
401307,福岡県,福岡市,designated_city,https://www.city.fukuoka.lg.jp/,https://search.geps.go.jp/search?q=%E7%A6%8F%E5%B2%A1%E5%B8%82&pref=40,GEPS,generic
402036,福岡県,久留米市,core_city,https://www.city.kurume.fukuoka.jp/,https://search.geps.go.jp/search?q=%E4%B9%85%E7%95%99%E7%B1%B3%E5%B8%82&pref=40,GEPS,generic
422011,長崎県,長崎市,core_city,https://www.city.nagasaki.lg.jp/,https://search.geps.go.jp/search?q=%E9%95%B7%E5%B4%8E%E5%B8%82&pref=42,GEPS,generic
422029,長崎県,佐世保市,core_city,https://www.city.sasebo.lg.jp/,https://search.geps.go.jp/search?q=%E4%BD%90%E4%B8%96%E4%BF%9D%E5%B8%82&pref=42,GEPS,generic
431001,熊本県,熊本市,designated_city,https://www.city.kumamoto.jp/,https://search.geps.go.jp/search?q=%E7%86%8A%E6%9C%AC%E5%B8%82&pref=43,GEPS,generic
442011,大分県,大分市,core_city,https://www.city.oita.oita.jp/,https://search.geps.go.jp/search?q=%E5%A4%A7%E5%88%86%E5%B8%82&pref=44,GEPS,generic
452017,宮崎県,宮崎市,core_city,https://www.city.miyazaki.miyazaki.jp/,https://search.geps.go.jp/search?q=%E5%AE%AE%E5%B4%8E%E5%B8%82&pref=45,GEPS,generic
462012,鹿児島県,鹿児島市,core_city,https://www.city.kagoshima.lg.jp/,https://search.geps.go.jp/search?q=%E9%B9%BF%E5%85%90%E5%B3%B6%E5%B8%82&pref=46,GEPS,generic
472018,沖縄県,那覇市,core_city,https://www.city.naha.okinawa.jp/,https://search.geps.go.jp/search?q=%E9%82%A3%E8%A6%87%E5%B8%82&pref=47,GEPS,generic
