municipality_code,name,population,prefecture,base_url
141003,横浜市,3732616,神奈川県,https://www.city.yokohama.lg.jp/
271004,大阪市,2691185,大阪府,https://www.city.osaka.lg.jp/
231002,名古屋市,2327557,愛知県,https://www.city.nagoya.jp/
11002,札幌市,1976257,北海道,https://www.city.sapporo.jp/
401307,福岡市,1588924,福岡県,https://www.city.fukuoka.lg.jp/
141305,川崎市,1531646,神奈川県,https://www.city.kawasaki.jp/
281000,神戸市,1524601,兵庫県,https://www.city.kobe.lg.jp/
261009,京都市,1464890,京都府,https://www.city.kyoto.lg.jp/
111007,さいたま市,1324854,埼玉県,https://www.city.saitama.jp/
341002,広島市,1199391,広島県,https://www.city.hiroshima.lg.jp/
41009,仙台市,1091407,宮城県,https://www.city.sendai.jp/
121002,千葉市,1001230,千葉県,https://www.city.chiba.jp/
401005,北九州市,940978,福岡県,https://www.city.kitakyushu.lg.jp/
131121,世田谷区,939099,東京都,https://www.city.setagaya.lg.jp/index.html
271403,堺市,828741,大阪府,https://www.city.sakai.lg.jp/
151009,新潟市,797591,新潟県,https://www.city.niigata.lg.jp/
221309,浜松市,780128,静岡県,https://www.city.hamamatsu.shizuoka.jp/
131202,練馬区,744026,東京都,https://www.city.nerima.tokyo.jp/
431001,熊本市,738907,熊本県,https://www.city.kumamoto.jp/
141500,相模原市,723470,神奈川県,https://www.city.sagamihara.kanagawa.jp/
331007,岡山市,720841,岡山県,https://www.city.okayama.jp/
131113,大田区,716413,東京都,https://www.city.ota.tokyo.jp/
221007,静岡市,710944,静岡県,https://www.city.shizuoka.lg.jp/
131237,江戸川区,661386,東京都,https://www.city.edogawa.tokyo.jp/
131211,足立区,629392,東京都,https://www.city.adachi.tokyo.jp/
462012,鹿児島市,605196,鹿児島県,https://www.city.kagoshima.lg.jp/
122041,船橋市,586762,千葉県,https://www.city.funabashi.lg.jp/
132012,八王子市,567367,東京都,https://www.city.hachioji.tokyo.jp/
112038,川口市,552883,埼玉県,https://www.city.kawaguchi.lg.jp/
282014,姫路市,536170,兵庫県,https://www.city.himeji.lg.jp/
131156,杉並区,534981,東京都,https://www.city.suginami.tokyo.jp/
131199,板橋区,529059,東京都,https://www.city.itabashi.tokyo.jp/
382019,松山市,515068,愛媛県,https://www.city.matsuyama.ehime.jp/
272272,東大阪市,509157,大阪府,https://www.city.higashiosaka.lg.jp/
92011,宇都宮市,507833,栃木県,https://www.city.utsunomiya.lg.jp/
122076,松戸市,477603,千葉県,https://www.city.matsudo.chiba.jp/
282049,西宮市,477056,兵庫県,https://www.nishi.or.jp/
332020,倉敷市,472452,岡山県,https://www.city.kurashiki.okayama.jp/
122033,市川市,470149,千葉県,https://www.city.ichikawa.lg.jp/
442011,大分市,467267,大分県,https://www.city.oita.oita.jp/
342076,福山市,461368,広島県,https://www.city.fukuyama.hiroshima.jp/
282022,尼崎市,461202,兵庫県,https://www.city.amagasaki.hyogo.jp/
172014,金沢市,455595,石川県,https://www4.city.kanazawa.lg.jp/index.html
422011,長崎市,448792,長崎県,https://www.city.nagasaki.lg.jp/
131083,江東区,436337,東京都,https://www.city.koto.lg.jp/
131229,葛飾区,428066,東京都,https://www.city.katsushika.lg.jp/
142018,横須賀市,421397,神奈川県,https://www.city.yokosuka.kanagawa.jp/index.html
162019,富山市,421116,富山県,https://www.city.toyama.toyama.jp/
232114,豊田市,420286,愛知県,https://www.city.toyota.aichi.jp/
372013,高松市,418557,香川県,https://www.city.takamatsu.kagawa.jp/
132098,町田市,413786,東京都,https://www.city.machida.tokyo.jp/
212016,岐阜市,412779,岐阜県,https://www.city.gifu.lg.jp/
272108,枚方市,406201,大阪府,https://www.city.hirakata.osaka.jp/
142051,藤沢市,402628,神奈川県,https://www.city.fujisawa.kanagawa.jp/
122173,柏市,389036,千葉県,https://www.city.kashiwa.lg.jp/
272035,豊中市,387269,大阪府,https://www.city.toyonaka.osaka.jp/
232017,豊橋市,377045,愛知県,https://www.city.toyohashi.lg.jp/
232033,一宮市,375939,愛知県,https://www.city.ichinomiya.aichi.jp/
302015,和歌山市,372175,和歌山県,https://www.city.wakayama.wakayama.jp/
232025,岡崎市,371380,愛知県,https://www.city.okazaki.lg.jp/index.html
452017,宮崎市,369473,宮崎県,https://www.city.miyazaki.miyazaki.jp/
292010,奈良市,367393,奈良県,https://www.city.nara.lg.jp/
202011,長野市,365950,長野県,https://www.city.nagano.nagano.jp/
272051,吹田市,354600,大阪府,https://www.city.suita.osaka.jp/
272078,高槻市,354228,大阪府,https://www.city.takatsuki.osaka.jp/
131091,品川区,353887,東京都,https://www.city.shinagawa.tokyo.jp/
12041,旭川市,350511,北海道,https://www.city.asahikawa.hokkaido.jp/
72044,いわき市,349947,福島県,https://www.city.iwaki.lg.jp/www/index.html
392014,高知市,342944,高知県,https://www.city.kochi.kochi.jp/
102024,高崎市,341838,群馬県,https://www.city.takasaki.gunma.jp/
72036,郡山市,339395,福島県,https://www.city.koriyama.lg.jp/
112089,所沢市,338560,埼玉県,https://www.city.tokorozawa.saitama.jp/
112011,川越市,335693,埼玉県,https://www.city.kawagoe.saitama.jp/
131172,北区,330646,東京都,https://www.city.kita.tokyo.jp/
52019,秋田市,329287,秋田県,https://www.city.akita.lg.jp/
252018,大津市,329024,滋賀県,https://www.city.otsu.lg.jp/
112224,越谷市,318592,埼玉県,https://www.city.koshigaya.saitama.jp/
102016,前橋市,318058,群馬県,https://www.city.maebashi.gunma.jp/
472018,那覇市,314162,沖縄県,https://www.city.naha.okinawa.jp/
131148,中野区,312939,東京都,https://www.city.tokyo-nakano.lg.jp/
131041,新宿区,309463,東京都,https://www.city.shinjuku.lg.jp/
242021,四日市市,306584,三重県,https://www.city.yokkaichi.lg.jp/
402036,久留米市,305147,福岡県,https://www.city.kurume.fukuoka.jp/
232068,春日井市,300713,愛知県,https://www.city.kasugai.lg.jp/
32018,盛岡市,299746,岩手県,https://www.city.morioka.iwate.jp/
282031,明石市,292162,兵庫県,https://www.city.akashi.lg.jp/
22012,青森市,290000,青森県,https://www.city.aomori.aomori.jp/
72010,福島市,289355,福島県,https://www.city.fukushima.fukushima.jp/
242012,津市,289215,三重県,https://www.info.city.tsu.mie.jp/
352012,下関市,286073,山口県,https://www.city.shimonoseki.lg.jp/www/toppage/0000000000000/APM03000.html
152021,長岡市,281222,新潟県,https://www.city.nagaoka.niigata.jp/
122190,市原市,279591,千葉県,https://www.city.ichihara.chiba.jp/
272124,八尾市,273244,大阪府,https://www.city.yao.osaka.jp/
272116,茨木市,272240,大阪府,https://www.city.ibaraki.osaka.jp/
182010,福井市,268574,福井県,https://www.city.fukui.lg.jp/
131105,目黒区,267798,東京都,https://www.city.meguro.tokyo.jp/
282103,加古川市,267631,兵庫県,https://www.city.kakogawa.lg.jp/
362018,徳島市,266370,徳島県,https://www.city.tokushima.tokushima.jp/
82015,水戸市,264062,茨城県,https://www.city.mito.lg.jp/
142034,平塚市,260419,神奈川県,https://www.city.hiratsuka.kanagawa.jp/
131164,豊島区,256009,東京都,https://www.city.toshima.lg.jp/index.html
62014,山形市,255370,山形県,https://www.city.yamagata-yamagata.lg.jp/
422029,佐世保市,254650,長崎県,https://www.city.sasebo.lg.jp/
132063,府中市,248445,東京都,https://www.city.fuchu.tokyo.jp/
342025,呉市,246118,広島県,https://www.city.kure.lg.jp/
12025,函館市,243942,北海道,https://www.city.hakodate.hokkaido.jp/
22039,八戸市,241613,青森県,https://www.city.hachinohe.aomori.jp/
412015,佐賀市,239932,佐賀県,https://www.city.saga.lg.jp/
272159,寝屋川市,239029,大阪府,https://www.city.neyagawa.osaka.jp/
202029,松本市,238776,長野県,https://www.city.matsumoto.nagano.jp/
112216,草加市,237964,埼玉県,https://www.city.soka.saitama.jp/
131075,墨田区,237433,東京都,https://www.city.sumida.lg.jp/
222101,富士市,237279,静岡県,https://www.city.fuji.shizuoka.jp/
112143,春日部市,236854,埼玉県,https://www.city.kasukabe.lg.jp/
142077,茅ヶ崎市,231005,神奈川県,https://www.city.chigasaki.kanagawa.jp/
142123,厚木市,225163,神奈川県,https://www.city.atsugi.kanagawa.jp/
142131,大和市,223127,神奈川県,https://www.city.yamato.lg.jp/
112194,上尾市,222479,埼玉県,https://www.city.ageo.lg.jp/
282146,宝塚市,222071,兵庫県,https://www.city.takarazuka.hyogo.jp/
132080,調布市,219053,東京都,https://www.city.chofu.tokyo.jp/www/toppage/0000000000000/APM03000.html
102059,太田市,214049,群馬県,https://www.city.ota.gunma.jp/
82201,つくば市,207314,茨城県,https://www.city.tsukuba.lg.jp/
132292,西東京市,207270,東京都,https://www.city.nishitokyo.lg.jp/
222038,沼津市,206818,静岡県,https://www.city.numazu.shizuoka.jp/
152226,上越市,206175,新潟県,https://www.city.joetsu.niigata.jp/
131130,渋谷区,205512,東京都,https://www.city.shibuya.tokyo.jp/
131032,港区,205196,東京都,https://www.city.minato.tokyo.jp/
112020,熊谷市,204853,埼玉県,https://www.city.kumagaya.lg.jp/
102041,伊勢崎市,204240,群馬県,https://www.city.isesaki.lg.jp/
272027,岸和田市,200538,大阪府,https://www.city.kishiwada.lg.jp/
312011,鳥取市,200315,鳥取県,https://www.city.tottori.lg.jp/www/index.html
192015,甲府市,199374,山梨県,https://www.city.kofu.yamanashi.jp/
142069,小田原市,198841,神奈川県,https://www.city.odawara.kanagawa.jp/
242071,鈴鹿市,197437,三重県,https://www.city.suzuka.lg.jp/
322016,松江市,195875,島根県,https://www.city.matsue.lg.jp/
82023,日立市,195844,茨城県,https://www.city.hitachi.lg.jp/
131059,文京区,194933,東京都,https://www.city.bunkyo.lg.jp/
131181,荒川区,194777,東京都,https://www.city.arakawa.tokyo.jp/
282073,伊丹市,194488,兵庫県,https://www.city.itami.lg.jp/
352039,山口市,192008,山口県,https://www.city.yamaguchi.lg.jp/
262048,宇治市,191297,京都府,https://www.city.uji.kyoto.jp/
342122,東広島市,187711,広島県,https://www.city.higashihiroshima.lg.jp/
22021,弘前市,185865,青森県,https://www.city.hirosaki.aomori.jp/
132110,小平市,185829,東京都,https://www.city.kodaira.tokyo.jp/
122211,八千代市,184655,千葉県,https://www.city.yachiyo.chiba.jp/
12068,釧路市,182263,北海道,https://www.city.kushiro.lg.jp/
132047,三鷹市,180797,東京都,https://www.city.mitaka.lg.jp/
132128,日野市,179482,東京都,https://www.city.hino.lg.jp/
272191,和泉市,179352,大阪府,https://www.city.osaka-izumi.lg.jp/
162027,高岡市,178965,富山県,https://www.city.takaoka.toyama.jp/
352021,宇部市,176370,山口県,https://www.city.ube.yamaguchi.jp/
232122,安城市,176046,愛知県,https://www.city.anjo.aichi.jp/
132021,立川市,175639,東京都,https://www.city.tachikawa.lg.jp/
12131,苫小牧市,173761,北海道,https://www.city.tomakomai.hokkaido.jp/
142042,鎌倉市,173588,神奈川県,https://www.city.kamakura.kanagawa.jp/
222119,磐田市,172583,静岡県,https://www.city.iwata.shizuoka.jp/
122122,佐倉市,171472,千葉県,https://www.city.sakura.lg.jp/
382027,今治市,170986,愛媛県,https://www.city.imabari.ehime.jp/
242047,松阪市,169571,三重県,https://www.city.matsusaka.mie.jp/
452025,都城市,169384,宮崎県,https://www.city.miyakonojo.miyazaki.jp/
142115,秦野市,169201,神奈川県,https://www.city.hadano.kanagawa.jp/www/index.html
131067,台東区,168277,東京都,https://www.city.taito.lg.jp/
12076,帯広市,168188,北海道,https://www.city.obihiro.hokkaido.jp/
42021,石巻市,163840,宮城県,https://www.city.ishinomaki.lg.jp/index.html
212024,大垣市,163047,岐阜県,https://www.city.ogaki.lg.jp/
92088,小山市,162283,栃木県,https://www.city.oyama.tochigi.jp/
202037,上田市,161887,長野県,https://www.city.ueda.nagano.jp/
232076,豊川市,161595,愛知県,https://www.city.toyokawa.lg.jp/
122165,習志野市,159758,千葉県,https://www.city.narashino.lg.jp/
122271,浦安市,159312,千葉県,https://www.city.urayasu.lg.jp/
92029,足利市,157793,栃木県,https://www.city.ashikaga.tochigi.jp/
282171,川西市,157461,兵庫県,https://www.city.kawanishi.hyogo.jp/
122203,流山市,156686,千葉県,https://www.city.nagareyama.chiba.jp/
112151,狭山市,156634,埼玉県,https://www.city.sayama.saitama.jp/
112305,新座市,155926,埼玉県,https://www.city.niiza.lg.jp/
82210,ひたちなか市,155338,茨城県,https://www.city.hitachinaka.lg.jp/
122084,野田市,153422,千葉県,https://www.city.noda.chiba.jp/
352152,周南市,150299,山口県,https://www.city.shunan.lg.jp/
132241,多摩市,149404,東京都,https://www.city.tama.lg.jp/
312029,米子市,149140,鳥取県,https://www.city.yonago.lg.jp/
232190,小牧市,149060,愛知県,https://www.city.komaki.aichi.jp/
112259,入間市,148203,埼玉県,https://www.city.iruma.saitama.jp/
342050,尾道市,148085,広島県,https://www.city.onomichi.hiroshima.jp/
352080,岩国市,146885,山口県,https://www.city.iwakuni.lg.jp/
132136,東村山市,146585,東京都,https://www.city.higashimurayama.tokyo.jp/
272094,守口市,146294,大阪府,https://www.city.moriguchi.osaka.jp/
112186,深谷市,146128,埼玉県,https://www.city.fukaya.saitama.jp/
322032,出雲市,146115,島根県,https://www.city.izumo.shimane.jp/www/toppage/0000000000000/APM03000.html
212130,各務原市,145126,岐阜県,https://www.city.kakamigahara.lg.jp/
232106,刈谷市,145117,愛知県,https://www.city.kariya.lg.jp/
82040,古河市,144392,茨城県,https://www.city.ibaraki-koga.lg.jp/
82031,土浦市,143986,茨城県,https://www.city.tsuchiura.lg.jp/index.html
422045,諫早市,142635,長崎県,https://www.city.isahaya.nagasaki.jp/
132055,青梅市,141708,東京都,https://www.city.ome.tokyo.jp/
242055,桑名市,140816,三重県,https://www.city.kuwana.lg.jp/
62031,鶴岡市,140097,山形県,https://www.city.tsuruoka.lg.jp/
132039,武蔵野市,138516,東京都,https://www.city.musashino.lg.jp/
232203,稲沢市,137475,愛知県,https://www.city.inazawa.aichi.jp/
42153,大崎市,137164,宮城県,https://www.city.osaki.miyagi.jp/
432024,八代市,134491,熊本県,https://www.city.yatsushiro.lg.jp/
242039,伊勢市,133547,三重県,https://www.city.ise.mie.jp/
122220,我孫子市,133533,千葉県,https://www.city.abiko.chiba.jp/
452033,延岡市,132480,宮崎県,https://www.city.nobeoka.miyazaki.jp/
232041,瀬戸市,132311,愛知県,https://www.city.seto.aichi.jp/
402052,飯塚市,132208,福岡県,https://www.city.iizuka.lg.jp/
12033,小樽市,130255,北海道,https://www.city.otaru.lg.jp/
272230,門真市,130026,大阪府,https://www.city.kadoma.osaka.jp/
222143,藤枝市,129637,静岡県,https://www.city.fujieda.shizuoka.jp/
72028,会津若松市,129388,福島県,https://www.city.aizuwakamatsu.fukushima.jp/
412023,唐津市,129194,佐賀県,https://www.city.karatsu.lg.jp/
112372,三郷市,128956,埼玉県,https://www.city.misato.lg.jp/
472115,沖縄市,128421,沖縄県,https://www.city.okinawa.okinawa.jp/
32158,奥州市,128273,岩手県,https://www.city.oshu.iwate.jp/
272205,箕面市,127757,大阪府,https://www.city.minoh.lg.jp/
462187,霧島市,127726,鹿児島県,https://www.city-kirishima.jp/
142166,座間市,127582,神奈川県,https://www.city.zama.kanagawa.jp/www/toppage/0000000000000/APM03000.html
402028,大牟田市,127474,福岡県,https://www.city.omuta.lg.jp/
442020,別府市,127345,大分県,https://www.city.beppu.oita.jp/
112275,朝霞市,126902,埼玉県,https://www.city.asaka.lg.jp/
142158,海老名市,126035,神奈川県,https://www.city.ebina.kanagawa.jp/index.html
272183,大東市,125847,大阪府,https://www.city.daito.lg.jp/
272175,松原市,125274,大阪府,https://www.city.matsubara.lg.jp/
102032,桐生市,124892,群馬県,https://www.city.kiryu.lg.jp/
122114,成田市,124773,千葉県,https://www.city.narita.chiba.jp/
292052,橿原市,124679,奈良県,https://www.city.kashihara.nara.jp/
12084,北見市,124291,北海道,https://www.city.kitami.lg.jp/
122068,木更津市,123743,千葉県,https://www.city.kisarazu.lg.jp/
252069,草津市,123512,滋賀県,https://www.city.kusatsu.shiga.jp/
382051,新居浜市,123329,愛媛県,https://www.city.niihama.lg.jp/
32093,一関市,123155,岩手県,https://www.city.ichinoseki.iwate.jp/
92045,佐野市,123034,栃木県,https://www.city.sano.lg.jp/
272141,富田林市,122205,大阪府,https://www.city.tondabayashi.lg.jp/
222071,富士宮市,122122,静岡県,https://www.city.fujinomiya.lg.jp/
12173,江別市,120940,北海道,https://www.city.ebetsu.hokkaido.jp/
222127,焼津市,120331,静岡県,https://www.city.yaizu.lg.jp/
112178,鴻巣市,119768,埼玉県,https://www.city.kounosu.saitama.jp/
132144,国分寺市,118801,東京都,https://www.city.kokubunji.tokyo.jp/
222135,掛川市,118660,静岡県,https://www.city.kakegawa.shizuoka.jp/
112241,戸田市,118591,埼玉県,https://www.city.toda.saitama.jp/
272221,羽曳野市,118281,大阪府,https://www.city.habikino.lg.jp/
232050,半田市,117927,愛知県,https://www.city.handa.lg.jp/
252131,東近江市,117487,滋賀県,https://www.city.higashiomi.shiga.jp/
352063,防府市,116393,山口県,https://www.city.hofu.yamaguchi.jp/
92134,那須塩原市,115633,栃木県,https://www.city.nasushiobara.lg.jp/
132225,東久留米市,115405,東京都,https://www.city.higashikurume.lg.jp/
292095,生駒市,115359,奈良県,https://www.city.ikoma.lg.jp/
342131,廿日市市,115184,広島県,https://www.city.hatsukaichi.hiroshima.jp/
132101,小金井市,115116,東京都,https://www.city.koganei.lg.jp/
62049,酒田市,114964,山形県,https://www.city.sakata.lg.jp/
212041,多治見市,114866,岐阜県,https://www.city.tajimi.lg.jp/
272167,河内長野市,114428,大阪府,https://www.city.kawachinagano.lg.jp/
472131,うるま市,114087,沖縄県,https://www.city.uruma.lg.jp/
282197,三田市,113600,兵庫県,https://www.city.sanda.lg.jp/
252034,長浜市,113079,滋賀県,https://www.city.nagahama.lg.jp/
382060,西条市,112543,愛媛県,https://www.city.saijo.ehime.jp/
222062,三島市,112320,静岡県,https://www.city.mishima.shizuoka.jp/
132071,昭島市,111763,東京都,https://www.city.akishima.lg.jp/
252026,彦根市,110945,滋賀県,https://www.city.hikone.lg.jp/
82279,筑西市,110813,茨城県,https://www.city.chikusei.lg.jp/index.html
172103,白山市,110563,石川県,https://www.city.hakusan.lg.jp/
372021,丸亀市,110550,香川県,https://www.city.marugame.lg.jp/
82171,取手市,109953,茨城県,https://www.city.toride.ibaraki.jp/
332038,津山市,109493,岡山県,https://www.city.tsuyama.lg.jp/
172031,小松市,109285,石川県,https://www.city.komatsu.lg.jp/
472085,浦添市,108052,沖縄県,https://www.city.urasoe.lg.jp/home
402184,春日市,107845,福岡県,https://www.city.kasuga.fukuoka.jp/
202053,飯田市,107129,長野県,https://www.city.iida.lg.jp/
232220,東海市,106708,愛知県,https://www.city.tokai.aichi.jp/
232131,西尾市,106643,愛知県,https://www.city.nishio.aichi.jp/
462039,鹿屋市,105673,鹿児島県,https://www.city.kanoya.lg.jp/index.html
112356,富士見市,105286,埼玉県,https://www.city.fujimi.saitama.jp/
131024,中央区,104997,東京都,https://www.city.chuo.lg.jp/
272043,池田市,104426,大阪府,https://www.city.ikeda.osaka.jp/
112453,ふじみ野市,103724,埼玉県,https://www.city.fujimino.saitama.jp/
32051,花巻市,103718,岩手県,https://www.city.hanamaki.iwate.jp/
92053,鹿沼市,103690,栃木県,https://www.city.kanuma.tochigi.jp/
152064,新発田市,103490,新潟県,https://www.city.shibata.lg.jp/
342041,三原市,103209,広島県,https://www.city.mihara.hiroshima.jp/
152048,三条市,103199,新潟県,https://www.city.sanjo.niigata.jp/
52035,横手市,101234,秋田県,https://www.city.yokote.lg.jp/
142140,伊勢原市,100779,神奈川県,https://www.city.isehara.kanagawa.jp/
462152,薩摩川内市,100730,鹿児島県,https://www.city.satsumasendai.lg.jp/www/index.html
402303,糸島市,100304,福岡県,https://www.city.itoshima.lg.jp/
202177,佐久市,100077,長野県,https://www.city.saku.nagano.jp/
232173,江南市,100064,愛知県,https://www.city.konan.lg.jp/
12114,網走市,100000,北海道,https://www.city.abashiri.hokkaido.jp/
