agency_name,base_url,note
日本高速道路株式会社,https://www.japanhighways.co.jp/,manual
東日本高速道路株式会社,https://www.e-nexco.co.jp/,manual
西日本高速道路株式会社,https://www.w-nexco.co.jp/,manual
首都高速道路株式会社,https://www.shutoko.jp/,manual
阪神高速道路株式会社,https://www.hanshin-exp.co.jp/,manual
本州四国連絡高速道路株式会社,https://www.honshikikoukyou.co.jp/,manual
東京地下鉄株式会社,https://www.tokyometro.jp/,manual
大阪市高速電気軌道株式会社,https://www.osakametro.co.jp/,manual
名古屋鉄道株式会社,https://www.meitetsu.co.jp/,manual
東日本旅客鉄道株式会社,https://www.jreast.co.jp/,manual
西日本旅客鉄道株式会社,https://www.westjr.co.jp/,manual
東海旅客鉄道株式会社,https://www.jr-central.co.jp/,manual
貨物輸送株式会社,https://www.jrfreight.co.jp/,manual
港湾空港技術研究所,https://www.pari.go.jp/,manual
水資源機構,https://www.water.go.jp/,manual
独立行政法人環境再生保全機構,https://www.ergo.go.jp/,manual
独立行政法人国立病院機構,https://www.hosp.go.jp/,manual
独立行政法人国立研究開発法人,,manual
日本貿易振興機構,https://www.jetro.go.jp/,manual
日本政策金融公庫,https://www.jfc.go.jp/,manual
東日本電信電話株式会社,https://www.ntt-east.jp/,manual
西日本電信電話株式会社,https://www.ntt-west.jp/,manual
沖縄セルラー電話株式会社,https://www.okinawa-cellular.co.jp/,manual
林野庁,https://www.rinya.maff.go.jp/,manual
水産庁,https://www.jfa.maff.go.jp/,manual
農林水産省食品局,https://www.fsici.go.jp/,manual
