municipality_code,name,population,prefecture,base_url
141003,横浜市,3732616,神奈川県,https://www.city.yokohama.lg.jp/
271004,大阪市,2691185,大阪府,https://www.city.osaka.lg.jp/
231002,名古屋市,2327557,愛知県,https://www.city.nagoya.jp/
011002,札幌市,1976257,北海道,https://www.city.sapporo.jp/
401307,福岡市,1588924,福岡県,https://www.city.fukuoka.lg.jp/
141305,川崎市,1531646,神奈川県,https://www.city.kawasaki.jp/
281000,神戸市,1524601,兵庫県,https://www.city.kobe.lg.jp/
261009,京都市,1464890,京都府,https://www.city.kyoto.lg.jp/
111007,さいたま市,1324854,埼玉県,https://www.city.saitama.jp/
341002,広島市,1199391,広島県,https://www.city.hiroshima.lg.jp/
041009,仙台市,1091407,宮城県,https://www.city.sendai.jp/
121002,千葉市,1001230,千葉県,https://www.city.chiba.jp/
401005,北九州市,940978,福岡県,https://www.city.kitakyushu.lg.jp/
131121,世田谷区,939099,東京都,https://www.city.setagaya.lg.jp/index.html
271403,堺市,828741,大阪府,https://www.city.sakai.lg.jp/
151009,新潟市,797591,新潟県,https://www.city.niigata.lg.jp/
221309,浜松市,780128,静岡県,https://www.city.hamamatsu.shizuoka.jp/
131202,練馬区,744026,東京都,https://www.city.nerima.tokyo.jp/
431001,熊本市,738907,熊本県,https://www.city.kumamoto.jp/
141500,相模原市,723470,神奈川県,https://www.city.sagamihara.kanagawa.jp/
331007,岡山市,720841,岡山県,https://www.city.okayama.jp/
131113,大田区,716413,東京都,https://www.city.ota.tokyo.jp/
221007,静岡市,710944,静岡県,https://www.city.shizuoka.lg.jp/
131237,江戸川区,661386,東京都,https://www.city.edogawa.tokyo.jp/
131211,足立区,629392,東京都,https://www.city.adachi.tokyo.jp/
462012,鹿児島市,605196,鹿児島県,https://www.city.kagoshima.lg.jp/
122041,船橋市,586762,千葉県,https://www.city.funabashi.lg.jp/
132012,八王子市,567367,東京都,https://www.city.hachioji.tokyo.jp/
112038,川口市,552883,埼玉県,https://www.city.kawaguchi.lg.jp/
282014,姫路市,536170,兵庫県,https://www.city.himeji.lg.jp/
131156,杉並区,534981,東京都,https://www.city.suginami.tokyo.jp/
131199,板橋区,529059,東京都,https://www.city.itabashi.tokyo.jp/
382019,松山市,515068,愛媛県,https://www.city.matsuyama.ehime.jp/
272272,東大阪市,509157,大阪府,https://www.city.higashiosaka.lg.jp/
092011,宇都宮市,507833,栃木県,https://www.city.utsunomiya.lg.jp/
122076,松戸市,477603,千葉県,https://www.city.matsudo.chiba.jp/
282049,西宮市,477056,兵庫県,https://www.nishi.or.jp/
332020,倉敷市,472452,岡山県,https://www.city.kurashiki.okayama.jp/
122033,市川市,470149,千葉県,https://www.city.ichikawa.lg.jp/
442011,大分市,467267,大分県,https://www.city.oita.oita.jp/
342076,福山市,461368,広島県,https://www.city.fukuyama.hiroshima.jp/
282022,尼崎市,461202,兵庫県,https://www.city.amagasaki.hyogo.jp/
172014,金沢市,455595,石川県,https://www4.city.kanazawa.lg.jp/index.html
422011,長崎市,448792,長崎県,https://www.city.nagasaki.lg.jp/
131083,江東区,436337,東京都,https://www.city.koto.lg.jp/
131229,葛飾区,428066,東京都,https://www.city.katsushika.lg.jp/
142018,横須賀市,421397,神奈川県,https://www.city.yokosuka.kanagawa.jp/index.html
162019,富山市,421116,富山県,https://www.city.toyama.toyama.jp/
232114,豊田市,420286,愛知県,https://www.city.toyota.aichi.jp/
372013,高松市,418557,香川県,https://www.city.takamatsu.kagawa.jp/
132098,町田市,413786,東京都,https://www.city.machida.tokyo.jp/
212016,岐阜市,412779,岐阜県,https://www.city.gifu.lg.jp/
272108,枚方市,406201,大阪府,https://www.city.hirakata.osaka.jp/
142051,藤沢市,402628,神奈川県,https://www.city.fujisawa.kanagawa.jp/
122173,柏市,389036,千葉県,https://www.city.kashiwa.lg.jp/
272035,豊中市,387269,大阪府,https://www.city.toyonaka.osaka.jp/
232017,豊橋市,377045,愛知県,https://www.city.toyohashi.lg.jp/
232033,一宮市,375939,愛知県,https://www.city.ichinomiya.aichi.jp/
302015,和歌山市,372175,和歌山県,https://www.city.wakayama.wakayama.jp/
232025,岡崎市,371380,愛知県,https://www.city.okazaki.lg.jp/index.html
452017,宮崎市,369473,宮崎県,https://www.city.miyazaki.miyazaki.jp/
292010,奈良市,367393,奈良県,https://www.city.nara.lg.jp/
202011,長野市,365950,長野県,https://www.city.nagano.nagano.jp/
272051,吹田市,354600,大阪府,https://www.city.suita.osaka.jp/
272078,高槻市,354228,大阪府,https://www.city.takatsuki.osaka.jp/
131091,品川区,353887,東京都,https://www.city.shinagawa.tokyo.jp/
012041,旭川市,350511,北海道,https://www.city.asahikawa.hokkaido.jp/
072044,いわき市,349947,福島県,https://www.city.iwaki.lg.jp/www/index.html
392014,高知市,342944,高知県,https://www.city.kochi.kochi.jp/
102024,高崎市,341838,群馬県,https://www.city.takasaki.gunma.jp/
072036,郡山市,339395,福島県,https://www.city.koriyama.lg.jp/
112089,所沢市,338560,埼玉県,https://www.city.tokorozawa.saitama.jp/
112011,川越市,335693,埼玉県,https://www.city.kawagoe.saitama.jp/
131172,北区,330646,東京都,https://www.city.kita.tokyo.jp/
052019,秋田市,329287,秋田県,https://www.city.akita.lg.jp/
252018,大津市,329024,滋賀県,https://www.city.otsu.lg.jp/
112224,越谷市,318592,埼玉県,https://www.city.koshigaya.saitama.jp/
102016,前橋市,318058,群馬県,https://www.city.maebashi.gunma.jp/
472018,那覇市,314162,沖縄県,https://www.city.naha.okinawa.jp/
131148,中野区,312939,東京都,https://www.city.tokyo-nakano.lg.jp/
131041,新宿区,309463,東京都,https://www.city.shinjuku.lg.jp/
242021,四日市市,306584,三重県,https://www.city.yokkaichi.lg.jp/
402036,久留米市,305147,福岡県,https://www.city.kurume.fukuoka.jp/
232068,春日井市,300713,愛知県,https://www.city.kasugai.lg.jp/
032018,盛岡市,299746,岩手県,https://www.city.morioka.iwate.jp/
282031,明石市,292162,兵庫県,https://www.city.akashi.lg.jp/
022012,青森市,290000,青森県,https://www.city.aomori.aomori.jp/
072010,福島市,289355,福島県,https://www.city.fukushima.fukushima.jp/
242012,津市,289215,三重県,https://www.info.city.tsu.mie.jp/
352012,下関市,286073,山口県,https://www.city.shimonoseki.lg.jp/www/toppage/0000000000000/APM03000.html
152021,長岡市,281222,新潟県,https://www.city.nagaoka.niigata.jp/
122190,市原市,279591,千葉県,https://www.city.ichihara.chiba.jp/
272124,八尾市,273244,大阪府,https://www.city.yao.osaka.jp/
272116,茨木市,272240,大阪府,https://www.city.ibaraki.osaka.jp/
182010,福井市,268574,福井県,https://www.city.fukui.lg.jp/
131105,目黒区,267798,東京都,https://www.city.meguro.tokyo.jp/
282103,加古川市,267631,兵庫県,https://www.city.kakogawa.lg.jp/
362018,徳島市,266370,徳島県,https://www.city.tokushima.tokushima.jp/
082015,水戸市,264062,茨城県,https://www.city.mito.lg.jp/
142034,平塚市,260419,神奈川県,https://www.city.hiratsuka.kanagawa.jp/
131164,豊島区,256009,東京都,https://www.city.toshima.lg.jp/index.html
062014,山形市,255370,山形県,https://www.city.yamagata-yamagata.lg.jp/
422029,佐世保市,254650,長崎県,https://www.city.sasebo.lg.jp/
132063,府中市,248445,東京都,https://www.city.fuchu.tokyo.jp/
342025,呉市,246118,広島県,https://www.city.kure.lg.jp/
012025,函館市,243942,北海道,https://www.city.hakodate.hokkaido.jp/
022039,八戸市,241613,青森県,https://www.city.hachinohe.aomori.jp/
412015,佐賀市,239932,佐賀県,https://www.city.saga.lg.jp/
272159,寝屋川市,239029,大阪府,https://www.city.neyagawa.osaka.jp/
202029,松本市,238776,長野県,https://www.city.matsumoto.nagano.jp/
112216,草加市,237964,埼玉県,https://www.city.soka.saitama.jp/
131075,墨田区,237433,東京都,https://www.city.sumida.lg.jp/
222101,富士市,237279,静岡県,https://www.city.fuji.shizuoka.jp/
112143,春日部市,236854,埼玉県,https://www.city.kasukabe.lg.jp/
142077,茅ヶ崎市,231005,神奈川県,https://www.city.chigasaki.kanagawa.jp/
142123,厚木市,225163,神奈川県,https://www.city.atsugi.kanagawa.jp/
142131,大和市,223127,神奈川県,https://www.city.yamato.lg.jp/
112194,上尾市,222479,埼玉県,https://www.city.ageo.lg.jp/
282146,宝塚市,222071,兵庫県,https://www.city.takarazuka.hyogo.jp/
132080,調布市,219053,東京都,https://www.city.chofu.tokyo.jp/www/toppage/0000000000000/APM03000.html
102059,太田市,214049,群馬県,https://www.city.ota.gunma.jp/
082201,つくば市,207314,茨城県,https://www.city.tsukuba.lg.jp/
132292,西東京市,207270,東京都,https://www.city.nishitokyo.lg.jp/
222038,沼津市,206818,静岡県,https://www.city.numazu.shizuoka.jp/
152226,上越市,206175,新潟県,https://www.city.joetsu.niigata.jp/
131130,渋谷区,205512,東京都,https://www.city.shibuya.tokyo.jp/
131032,港区,205196,東京都,https://www.city.minato.tokyo.jp/
112020,熊谷市,204853,埼玉県,https://www.city.kumagaya.lg.jp/
102041,伊勢崎市,204240,群馬県,https://www.city.isesaki.lg.jp/
272027,岸和田市,200538,大阪府,https://www.city.kishiwada.lg.jp/
312011,鳥取市,200315,鳥取県,https://www.city.tottori.lg.jp/www/index.html
192015,甲府市,199374,山梨県,https://www.city.kofu.yamanashi.jp/
142069,小田原市,198841,神奈川県,https://www.city.odawara.kanagawa.jp/
242071,鈴鹿市,197437,三重県,https://www.city.suzuka.lg.jp/
322016,松江市,195875,島根県,https://www.city.matsue.lg.jp/
082023,日立市,195844,茨城県,https://www.city.hitachi.lg.jp/
131059,文京区,194933,東京都,https://www.city.bunkyo.lg.jp/
131181,荒川区,194777,東京都,https://www.city.arakawa.tokyo.jp/
282073,伊丹市,194488,兵庫県,https://www.city.itami.lg.jp/
352039,山口市,192008,山口県,https://www.city.yamaguchi.lg.jp/
262048,宇治市,191297,京都府,https://www.city.uji.kyoto.jp/
342122,東広島市,187711,広島県,https://www.city.higashihiroshima.lg.jp/
022021,弘前市,185865,青森県,https://www.city.hirosaki.aomori.jp/
132110,小平市,185829,東京都,https://www.city.kodaira.tokyo.jp/
122211,八千代市,184655,千葉県,https://www.city.yachiyo.chiba.jp/
012068,釧路市,182263,北海道,https://www.city.kushiro.lg.jp/
132047,三鷹市,180797,東京都,https://www.city.mitaka.lg.jp/
132128,日野市,179482,東京都,https://www.city.hino.lg.jp/
272191,和泉市,179352,大阪府,https://www.city.osaka-izumi.lg.jp/
162027,高岡市,178965,富山県,https://www.city.takaoka.toyama.jp/
352021,宇部市,176370,山口県,https://www.city.ube.yamaguchi.jp/
232122,安城市,176046,愛知県,https://www.city.anjo.aichi.jp/
132021,立川市,175639,東京都,https://www.city.tachikawa.lg.jp/
012131,苫小牧市,173761,北海道,https://www.city.tomakomai.hokkaido.jp/
142042,鎌倉市,173588,神奈川県,https://www.city.kamakura.kanagawa.jp/
222119,磐田市,172583,静岡県,https://www.city.iwata.shizuoka.jp/
122122,佐倉市,171472,千葉県,https://www.city.sakura.lg.jp/
382027,今治市,170986,愛媛県,https://www.city.imabari.ehime.jp/
242047,松阪市,169571,三重県,https://www.city.matsusaka.mie.jp/
452025,都城市,169384,宮崎県,https://www.city.miyakonojo.miyazaki.jp/
142115,秦野市,169201,神奈川県,https://www.city.hadano.kanagawa.jp/www/index.html
131067,台東区,168277,東京都,https://www.city.taito.lg.jp/
012076,帯広市,168188,北海道,https://www.city.obihiro.hokkaido.jp/
042021,石巻市,163840,宮城県,https://www.city.ishinomaki.lg.jp/index.html
212024,大垣市,163047,岐阜県,https://www.city.ogaki.lg.jp/
092088,小山市,162283,栃木県,https://www.city.oyama.tochigi.jp/
202037,上田市,161887,長野県,https://www.city.ueda.nagano.jp/
232076,豊川市,161595,愛知県,https://www.city.toyokawa.lg.jp/
122165,習志野市,159758,千葉県,https://www.city.narashino.lg.jp/
122271,浦安市,159312,千葉県,https://www.city.urayasu.lg.jp/
092029,足利市,157793,栃木県,https://www.city.ashikaga.tochigi.jp/
282171,川西市,157461,兵庫県,https://www.city.kawanishi.hyogo.jp/
122203,流山市,156686,千葉県,https://www.city.nagareyama.chiba.jp/
112151,狭山市,156634,埼玉県,https://www.city.sayama.saitama.jp/
112305,新座市,155926,埼玉県,https://www.city.niiza.lg.jp/
082210,ひたちなか市,155338,茨城県,https://www.city.hitachinaka.lg.jp/
122084,野田市,153422,千葉県,https://www.city.noda.chiba.jp/
352152,周南市,150299,山口県,https://www.city.shunan.lg.jp/
132241,多摩市,149404,東京都,https://www.city.tama.lg.jp/
312029,米子市,149140,鳥取県,https://www.city.yonago.lg.jp/
232190,小牧市,149060,愛知県,https://www.city.komaki.aichi.jp/
112259,入間市,148203,埼玉県,https://www.city.iruma.saitama.jp/
342050,尾道市,148085,広島県,https://www.city.onomichi.hiroshima.jp/
352080,岩国市,146885,山口県,https://www.city.iwakuni.lg.jp/
132136,東村山市,146585,東京都,https://www.city.higashimurayama.tokyo.jp/
272094,守口市,146294,大阪府,https://www.city.moriguchi.osaka.jp/
112186,深谷市,146128,埼玉県,https://www.city.fukaya.saitama.jp/
322032,出雲市,146115,島根県,https://www.city.izumo.shimane.jp/www/toppage/0000000000000/APM03000.html
212130,各務原市,145126,岐阜県,https://www.city.kakamigahara.lg.jp/
232106,刈谷市,145117,愛知県,https://www.city.kariya.lg.jp/
082040,古河市,144392,茨城県,https://www.city.ibaraki-koga.lg.jp/
082031,土浦市,143986,茨城県,https://www.city.tsuchiura.lg.jp/index.html
422045,諫早市,142635,長崎県,https://www.city.isahaya.nagasaki.jp/
132055,青梅市,141708,東京都,https://www.city.ome.tokyo.jp/
242055,桑名市,140816,三重県,https://www.city.kuwana.lg.jp/
062031,鶴岡市,140097,山形県,https://www.city.tsuruoka.lg.jp/
132039,武蔵野市,138516,東京都,https://www.city.musashino.lg.jp/
232203,稲沢市,137475,愛知県,https://www.city.inazawa.aichi.jp/
042153,大崎市,137164,宮城県,https://www.city.osaki.miyagi.jp/
432024,八代市,134491,熊本県,https://www.city.yatsushiro.lg.jp/
242039,伊勢市,133547,三重県,https://www.city.ise.mie.jp/
122220,我孫子市,133533,千葉県,https://www.city.abiko.chiba.jp/
452033,延岡市,132480,宮崎県,https://www.city.nobeoka.miyazaki.jp/
232041,瀬戸市,132311,愛知県,https://www.city.seto.aichi.jp/
402052,飯塚市,132208,福岡県,https://www.city.iizuka.lg.jp/
012033,小樽市,130255,北海道,https://www.city.otaru.lg.jp/
272230,門真市,130026,大阪府,https://www.city.kadoma.osaka.jp/
222143,藤枝市,129637,静岡県,https://www.city.fujieda.shizuoka.jp/
072028,会津若松市,129388,福島県,https://www.city.aizuwakamatsu.fukushima.jp/
412023,唐津市,129194,佐賀県,https://www.city.karatsu.lg.jp/
112372,三郷市,128956,埼玉県,https://www.city.misato.lg.jp/
472115,沖縄市,128421,沖縄県,https://www.city.okinawa.okinawa.jp/
032158,奥州市,128273,岩手県,https://www.city.oshu.iwate.jp/
272205,箕面市,127757,大阪府,https://www.city.minoh.lg.jp/
462187,霧島市,127726,鹿児島県,https://www.city-kirishima.jp/
142166,座間市,127582,神奈川県,https://www.city.zama.kanagawa.jp/www/toppage/0000000000000/APM03000.html
402028,大牟田市,127474,福岡県,https://www.city.omuta.lg.jp/
442020,別府市,127345,大分県,https://www.city.beppu.oita.jp/
112275,朝霞市,126902,埼玉県,https://www.city.asaka.lg.jp/
142158,海老名市,126035,神奈川県,https://www.city.ebina.kanagawa.jp/index.html
272183,大東市,125847,大阪府,https://www.city.daito.lg.jp/
272175,松原市,125274,大阪府,https://www.city.matsubara.lg.jp/
102032,桐生市,124892,群馬県,https://www.city.kiryu.lg.jp/
122114,成田市,124773,千葉県,https://www.city.narita.chiba.jp/
292052,橿原市,124679,奈良県,https://www.city.kashihara.nara.jp/
012084,北見市,124291,北海道,https://www.city.kitami.lg.jp/
122068,木更津市,123743,千葉県,https://www.city.kisarazu.lg.jp/
252069,草津市,123512,滋賀県,https://www.city.kusatsu.shiga.jp/
382051,新居浜市,123329,愛媛県,https://www.city.niihama.lg.jp/
032093,一関市,123155,岩手県,https://www.city.ichinoseki.iwate.jp/
092045,佐野市,123034,栃木県,https://www.city.sano.lg.jp/
272141,富田林市,122205,大阪府,https://www.city.tondabayashi.lg.jp/
222071,富士宮市,122122,静岡県,https://www.city.fujinomiya.lg.jp/
012173,江別市,120940,北海道,https://www.city.ebetsu.hokkaido.jp/
222127,焼津市,120331,静岡県,https://www.city.yaizu.lg.jp/
112178,鴻巣市,119768,埼玉県,https://www.city.kounosu.saitama.jp/
132144,国分寺市,118801,東京都,https://www.city.kokubunji.tokyo.jp/
222135,掛川市,118660,静岡県,https://www.city.kakegawa.shizuoka.jp/
112241,戸田市,118591,埼玉県,https://www.city.toda.saitama.jp/
272221,羽曳野市,118281,大阪府,https://www.city.habikino.lg.jp/
232050,半田市,117927,愛知県,https://www.city.handa.lg.jp/
252131,東近江市,117487,滋賀県,https://www.city.higashiomi.shiga.jp/
352063,防府市,116393,山口県,https://www.city.hofu.yamaguchi.jp/
092134,那須塩原市,115633,栃木県,https://www.city.nasushiobara.lg.jp/
132225,東久留米市,115405,東京都,https://www.city.higashikurume.lg.jp/
292095,生駒市,115359,奈良県,https://www.city.ikoma.lg.jp/
342131,廿日市市,115184,広島県,https://www.city.hatsukaichi.hiroshima.jp/
132101,小金井市,115116,東京都,https://www.city.koganei.lg.jp/
062049,酒田市,114964,山形県,https://www.city.sakata.lg.jp/
212041,多治見市,114866,岐阜県,https://www.city.tajimi.lg.jp/
272167,河内長野市,114428,大阪府,https://www.city.kawachinagano.lg.jp/
472131,うるま市,114087,沖縄県,https://www.city.uruma.lg.jp/
282197,三田市,113600,兵庫県,https://www.city.sanda.lg.jp/
252034,長浜市,113079,滋賀県,https://www.city.nagahama.lg.jp/
382060,西条市,112543,愛媛県,https://www.city.saijo.ehime.jp/
222062,三島市,112320,静岡県,https://www.city.mishima.shizuoka.jp/
132071,昭島市,111763,東京都,https://www.city.akishima.lg.jp/
252026,彦根市,110945,滋賀県,https://www.city.hikone.lg.jp/
082279,筑西市,110813,茨城県,https://www.city.chikusei.lg.jp/index.html
172103,白山市,110563,石川県,https://www.city.hakusan.lg.jp/
372021,丸亀市,110550,香川県,https://www.city.marugame.lg.jp/
082171,取手市,109953,茨城県,https://www.city.toride.ibaraki.jp/
332038,津山市,109493,岡山県,https://www.city.tsuyama.lg.jp/
172031,小松市,109285,石川県,https://www.city.komatsu.lg.jp/
472085,浦添市,108052,沖縄県,https://www.city.urasoe.lg.jp/home
402184,春日市,107845,福岡県,https://www.city.kasuga.fukuoka.jp/
202053,飯田市,107129,長野県,https://www.city.iida.lg.jp/
232220,東海市,106708,愛知県,https://www.city.tokai.aichi.jp/
232131,西尾市,106643,愛知県,https://www.city.nishio.aichi.jp/
462039,鹿屋市,105673,鹿児島県,https://www.city.kanoya.lg.jp/index.html
112356,富士見市,105286,埼玉県,https://www.city.fujimi.saitama.jp/
131024,中央区,104997,東京都,https://www.city.chuo.lg.jp/
272043,池田市,104426,大阪府,https://www.city.ikeda.osaka.jp/
112453,ふじみ野市,103724,埼玉県,https://www.city.fujimino.saitama.jp/
032051,花巻市,103718,岩手県,https://www.city.hanamaki.iwate.jp/
092053,鹿沼市,103690,栃木県,https://www.city.kanuma.tochigi.jp/
152064,新発田市,103490,新潟県,https://www.city.shibata.lg.jp/
342041,三原市,103209,広島県,https://www.city.mihara.hiroshima.jp/
152048,三条市,103199,新潟県,https://www.city.sanjo.niigata.jp/
052035,横手市,101234,秋田県,https://www.city.yokote.lg.jp/
142140,伊勢原市,100779,神奈川県,https://www.city.isehara.kanagawa.jp/
462152,薩摩川内市,100730,鹿児島県,https://www.city.satsumasendai.lg.jp/www/index.html
402303,糸島市,100304,福岡県,https://www.city.itoshima.lg.jp/
202177,佐久市,100077,長野県,https://www.city.saku.nagano.jp/
232173,江南市,100064,愛知県,https://www.city.konan.lg.jp/
012114,網走市,100000,北海道,https://www.city.abashiri.hokkaido.jp/
112399,坂戸市,99680,埼玉県,https://www.city.sakado.lg.jp/
242161,伊賀市,99662,三重県,https://www.city.iga.lg.jp/
272132,泉佐野市,99636,大阪府,https://www.city.izumisano.lg.jp/
212148,可児市,99318,岐阜県,https://www.city.kani.lg.jp/
402176,筑紫野市,98914,福岡県,https://www.city.chikushino.fukuoka.jp/index.html
202207,安曇野市,97084,長野県,https://www.city.azumino.nagano.jp/
222097,島田市,95762,静岡県,https://www.city.shimada.shizuoka.jp/
212032,高山市,94879,岐阜県,https://www.city.takayama.lg.jp/
402206,宗像市,94877,福岡県,https://www.city.munakata.lg.jp/
032069,北上市,94806,岩手県,https://www.city.kitakami.iwate.jp/
162116,射水市,94691,富山県,https://www.city.imizu.toyama.jp/
282162,高砂市,94198,兵庫県,https://www.city.takasago.lg.jp/
012246,千歳市,94124,北海道,https://www.city.chitose.lg.jp
402192,大野城市,94037,福岡県,https://www.city.onojo.fukuoka.jp/
252093,甲賀市,94007,滋賀県,https://www.city.koka.lg.jp/
262064,亀岡市,93641,京都府,https://www.city.kameoka.kyoto.jp/
082325,神栖市,93538,茨城県,https://www.city.kamisu.ibaraki.jp/
152056,柏崎市,93506,新潟県,https://www.city.kashiwazaki.lg.jp/
012050,室蘭市,93078,北海道,https://www.city.muroran.lg.jp/
432156,天草市,93047,熊本県,https://www.city.amakusa.kumamoto.jp/
122106,茂原市,93032,千葉県,https://www.city.mobara.chiba.jp/
212059,関市,92896,岐阜県,https://www.city.seki.lg.jp/
282065,芦屋市,92828,兵庫県,https://www.city.ashiya.lg.jp/
182109,坂井市,92420,福井県,https://www.city.fukui-sakai.lg.jp/
092061,日光市,92181,栃木県,https://www.city.nikko.lg.jp/
062022,米沢市,91704,山形県,https://www.city.yonezawa.yamagata.jp/
382132,四国中央市,91688,愛媛県,https://www.city.shikokuchuo.ehime.jp/
472051,宜野湾市,91233,沖縄県,https://www.city.ginowan.lg.jp/
052124,大仙市,91143,秋田県,https://www.city.daisen.lg.jp/
112127,東松山市,90840,埼玉県,https://www.city.higashimatsuyama.lg.jp/
262021,舞鶴市,90461,京都府,https://www.city.maizuru.kyoto.jp/
272086,貝塚市,90447,大阪府,https://www.city.kaizuka.lg.jp/
292036,大和郡山市,90223,奈良県,https://www.city.yamatokoriyama.lg.jp/
422053,大村市,89650,長崎県,https://www.city.omura.nagasaki.jp/
122254,君津市,89350,千葉県,https://www.city.kimitsu.lg.jp/
012106,岩見沢市,89023,北海道,https://www.city.iwamizawa.hokkaido.jp/
222151,御殿場市,88078,静岡県,https://www.city.gotemba.lg.jp/
282090,豊岡市,87555,兵庫県,https://www.city.toyooka.lg.jp/
052108,由利本荘市,87525,秋田県,https://www.city.yurihonjo.lg.jp/
112062,行田市,87462,埼玉県,https://www.city.gyoda.lg.jp/
182095,越前市,87116,福井県,https://www.city.echizen.lg.jp/
042129,登米市,86940,宮城県,https://www.city.tome.miyagi.jp/
232378,あま市,86876,愛知県,https://www.city.ama.aichi.jp/
382035,宇和島市,86819,愛媛県,https://www.city.uwajima.ehime.jp/
102083,渋川市,86134,群馬県,https://www.city.shibukawa.lg.jp/
122289,四街道市,85738,千葉県,https://www.city.yotsukaido.chiba.jp/
122360,香取市,85193,千葉県,https://www.city.katori.lg.jp/
222160,袋井市,85163,静岡県,https://www.city.fukuroi.shizuoka.jp/
232246,知多市,84782,愛知県,https://www.city.chita.lg.jp/
272248,摂津市,84330,大阪府,https://www.city.settsu.osaka.jp/
442038,中津市,84179,大分県,https://www.city-nakatsu.jp/
112097,飯能市,84053,埼玉県,https://www.city.hanno.lg.jp
282154,三木市,83244,兵庫県,https://www.city.miki.lg.jp/
212067,中津川市,83116,岐阜県,https://www.city.nakatsugawa.lg.jp/
232238,大府市,83097,愛知県,https://www.city.obu.aichi.jp/
152137,燕市,82910,新潟県,https://www.city.tsubame.niigata.jp/
232149,蒲郡市,82264,愛知県,https://www.city.gamagori.lg.jp/
142182,綾瀬市,82083,神奈川県,https://www.city.ayase.kanagawa.jp/
112119,本庄市,81805,埼玉県,https://www.city.honjo.lg.jp/
092037,栃木市,81601,栃木県,https://www.city.tochigi.lg.jp/
252042,近江八幡市,81456,滋賀県,https://www.city.omihachiman.lg.jp/
132209,東大和市,81445,東京都,https://www.city.higashiyamato.lg.jp/
242080,名張市,81184,三重県,https://www.city.nabari.lg.jp/
282294,たつの市,80988,兵庫県,https://www.city.tatsuno.lg.jp/
232301,日進市,80921,愛知県,https://www.city.nisshin.lg.jp/
262013,福知山市,80836,京都府,https://www.city.fukuchiyama.lg.jp/
262072,城陽市,80795,京都府,https://www.city.joyo.kyoto.jp/
132250,稲城市,80772,東京都,https://www.city.inagi.tokyo.jp/
082163,笠間市,80646,茨城県,https://www.city.kasama.lg.jp/index.html
052043,大館市,80587,秋田県,https://www.city.odate.lg.jp/
082058,石岡市,80502,茨城県,https://www.city.ishioka.lg.jp/
302066,田辺市,80478,和歌山県,https://www.city.tanabe.lg.jp/
072079,須賀川市,80336,福島県,https://www.city.sukagawa.fukushima.jp/
132284,あきる野市,80268,東京都,https://www.city.akiruno.tokyo.jp/
232343,北名古屋市,80112,愛知県,https://www.city.kitanagoya.lg.jp/
082198,牛久市,79254,茨城県,https://www.city.ushiku.lg.jp/
232262,尾張旭市,79197,愛知県,https://www.city.owariasahi.lg.jp/
262099,長岡京市,79031,京都府,https://www.city.nagaokakyo.lg.jp/
102075,館林市,79023,群馬県,https://www.city.tatebayashi.gunma.jp/
442054,佐伯市,78675,大分県,https://www.city.saiki.oita.jp/
112348,八潮市,78601,埼玉県,https://www.city.yashio.lg.jp/
112291,和光市,78575,埼玉県,https://www.city.wako.lg.jp/
092100,大田原市,78563,栃木県,https://www.city.ohtawara.tochigi.jp/
132195,狛江市,78237,東京都,https://www.city.komae.tokyo.jp/
272060,泉大津市,78014,大阪府,https://www.city.izumiotsu.lg.jp/
042137,栗原市,77862,宮城県,https://www.kuriharacity.jp/
272302,交野市,77853,大阪府,https://www.city.katano.osaka.jp/
362042,阿南市,77099,徳島県,https://www.city.anan.tokushima.jp/
272213,柏原市,75875,大阪府,https://www.city.kashiwara.lg.jp/
122301,八街市,75369,千葉県,https://www.city.yachimata.lg.jp/
232157,犬山市,75304,愛知県,https://www.city.inuyama.aichi.jp/
112313,桶川市,74703,埼玉県,https://www.city.okegawa.lg.jp/
462250,姶良市,74611,鹿児島県,https://www.city.aira.lg.jp/
252077,守山市,74263,滋賀県,https://www.city.moriyama.lg.jp/
192104,甲斐市,74077,山梨県,https://www.city.kai.yamanashi.jp/
262102,八幡市,73822,京都府,https://www.city.yawata.kyoto.jp/
172065,加賀市,73745,石川県,https://www.city.kaga.ishikawa.jp/
132217,清瀬市,73518,東京都,https://www.city.kiyose.lg.jp/
132152,国立市,73362,東京都,https://www.city.kunitachi.tokyo.jp/
232092,碧南市,73024,愛知県,https://www.city.hekinan.lg.jp/
292109,香芝市,72967,奈良県,https://www.city.kashiba.lg.jp/
402079,柳川市,72798,福岡県,https://www.city.yanagawa.fukuoka.jp/
442046,日田市,72601,大分県,https://www.city.hita.oita.jp/
122025,銚子市,72348,千葉県,https://www.city.choshi.chiba.jp/
192082,南アルプス市,72295,山梨県,https://www.city.minami-alps.yamanashi.jp/
222089,伊東市,72038,静岡県,https://www.city.ito.shizuoka.jp/
202096,伊那市,71937,長野県,https://www.inacity.jp/
072125,南相馬市,71761,福島県,https://www.city.minamisoma.lg.jp/
112321,久喜市,71667,埼玉県,https://www.city.kuki.lg.jp/
192112,笛吹市,71184,山梨県,https://www.city.fuefuki.yamanashi.jp/
432067,玉名市,70747,熊本県,https://www.city.tamana.lg.jp/
292044,天理市,70702,奈良県,https://www.city.tenri.nara.jp/
112232,蕨市,70410,埼玉県,https://www.city.warabi.saitama.jp/
112411,鶴ヶ島市,70131,埼玉県,https://www.city.tsurugashima.lg.jp/
402133,行橋市,70064,福岡県,https://www.city.yukuhashi.fukuoka.jp/
372081,三豊市,69997,香川県,https://www.city.mitoyo.lg.jp
122157,旭市,69971,千葉県,https://www.city.asahi.lg.jp/
112330,北本市,69903,埼玉県,https://www.city.kitamoto.lg.jp/index.html
042072,名取市,69610,宮城県,https://www.city.natori.miyagi.jp/
292028,大和高田市,69473,奈良県,https://www.city.yamatotakada.nara.jp/
282235,丹波市,69233,兵庫県,https://www.city.tamba.lg.jp/
112071,秩父市,69139,埼玉県,https://www.city.chichibu.lg.jp/
232297,豊明市,69124,愛知県,https://www.city.toyoake.lg.jp/
012319,恵庭市,68754,北海道,https://www.city.eniwa.hokkaido.jp/
102091,藤岡市,68710,群馬県,https://www.city.fujioka.gunma.jp/
402214,太宰府市,68561,福岡県,https://www.city.dazaifu.lg.jp
112283,志木市,68531,埼玉県,https://www.city.shiki.lg.jp/
132233,武蔵村山市,68333,東京都,https://www.city.musashimurayama.lg.jp/
232254,知立市,68216,愛知県,https://www.city.chiryu.aichi.jp/
182028,敦賀市,68188,福井県,https://www.city.tsuruga.lg.jp/
112101,加須市,67862,埼玉県,https://www.city.kazo.lg.jp/
202151,塩尻市,67781,長野県,https://www.city.shiojiri.lg.jp/
302031,橋本市,67505,和歌山県,https://www.city.hashimoto.lg.jp/
072133,伊達市,67487,福島県,https://www.city.fukushima-date.lg.jp/
182079,鯖江市,67430,福井県,https://www.city.sabae.fukui.jp/
302082,紀の川市,67192,和歌山県,https://www.city.kinokawa.lg.jp/
212091,羽島市,67167,岐阜県,https://www.city.hashima.lg.jp/
412031,鳥栖市,66842,佐賀県,https://www.city.tosu.lg.jp/
022063,十和田市,66834,青森県,https://www.city.towada.lg.jp/
332089,総社市,66789,岡山県,https://www.city.soja.okayama.jp/
262145,木津川市,66783,京都府,https://www.city.kizugawa.lg.jp/
092096,真岡市,66705,栃木県,https://www.city.moka.lg.jp/
232319,田原市,66698,愛知県,https://www.city.tahara.aichi.jp/
272264,藤井寺市,65892,大阪府,https://www.city.fujiidera.lg.jp/
082112,常総市,65858,茨城県,https://www.city.joso.lg.jp/
332046,玉野市,65723,岡山県,https://www.city.tamano.lg.jp/
072052,白河市,65665,福島県,https://www.city.shirakawa.fukushima.jp/
232084,津島市,65646,愛知県,https://www.city.tsushima.lg.jp/
352161,山陽小野田市,65523,山口県,https://www.city.sanyo-onoda.lg.jp/
232327,愛西市,65481,愛知県,https://www.city.aisai.lg.jp/
262111,京田辺市,65211,京都府,https://www.city.kyotanabe.lg.jp/
082228,鹿嶋市,65193,茨城県,https://www.city.kashima.ibaraki.jp/
152242,佐渡市,65037,新潟県,https://www.city.sado.niigata.jp/
272281,泉南市,64916,大阪府,https://www.city.sennan.lg.jp/
042056,気仙沼市,64578,宮城県,https://www.kesennuma.miyagi.jp/
372056,観音寺市,64020,香川県,https://www.city.kanonji.kagawa.jp/
062103,天童市,63470,山形県,https://www.city.tendo.yamagata.jp/
112381,蓮田市,63375,埼玉県,https://www.city.hasuda.saitama.jp/
202185,千曲市,63305,長野県,https://www.city.chikuma.lg.jp/
042099,多賀城市,63200,宮城県,https://www.city.tagajo.miyagi.jp/
452068,日向市,63066,宮崎県,https://www.hyugacity.jp/
112437,吉川市,63050,埼玉県,https://www.city.yoshikawa.saitama.jp/
432130,宇城市,62718,熊本県,https://www.city.uki.kumamoto.jp/
152269,南魚沼市,62518,新潟県,https://www.city.minamiuonuma.niigata.jp/
362026,鳴門市,62453,徳島県,https://www.city.naruto.tokushima.jp/
252085,栗東市,62353,滋賀県,https://www.city.ritto.lg.jp/
102113,安中市,62270,群馬県,https://www.city.annaka.lg.jp/
022080,むつ市,62220,青森県,https://www.city.mutsu.lg.jp/
232360,みよし市,62001,愛知県,https://www.city.aichi-miyoshi.lg.jp/
072109,二本松市,61698,福島県,https://www.city.nihonmatsu.lg.jp/
122131,東金市,61591,千葉県,https://www.city.togane.chiba.jp/
212121,土岐市,61393,岐阜県,https://www.city.toki.lg.jp/
322024,浜田市,61325,島根県,https://www.city.hamada.shimane.jp/www/toppage/0000000000000/APM03000.html
052027,能代市,61295,秋田県,https://www.city.noshiro.lg.jp/
262129,京丹後市,60980,京都府,https://www.city.kyotango.lg.jp/
022055,五所川原市,60788,青森県,https://www.city.goshogawara.lg.jp/
292061,桜井市,60699,奈良県,https://www.city.sakurai.lg.jp/
012351,石狩市,60616,北海道,https://www.city.ishikari.hokkaido.jp/
472093,名護市,60598,沖縄県,https://www.city.nago.okinawa.jp/
152102,十日町市,60480,新潟県,https://www.city.tokamachi.lg.jp/
132187,福生市,60413,東京都,https://www.city.fussa.tokyo.jp/
012343,北広島市,60291,北海道,https://www.city.kitahiroshima.hokkaido.jp/
122319,印西市,60280,千葉県,https://www.city.inzai.lg.jp/
172022,七尾市,60140,石川県,https://www.city.nanao.lg.jp/
402109,八女市,60114,福岡県,https://www.city.yame.fukuoka.jp/
272256,高石市,60077,大阪府,https://www.city.takaishi.lg.jp/
442119,宇佐市,59971,大分県,https://www.city.usa.oita.jp/
092169,下野市,59459,栃木県,https://www.city.shimotsuke.lg.jp/
272311,大阪狭山市,58661,大阪府,https://www.city.osakasayama.osaka.jp/
142085,逗子市,58654,神奈川県,https://www.city.zushi.kanagawa.jp/
082121,常陸太田市,58461,茨城県,https://www.city.hitachiota.ibaraki.jp/
402168,小郡市,58460,福岡県,https://www.city.ogori.fukuoka.jp/
032026,宮古市,58342,岩手県,https://www.city.miyako.iwate.jp/
342092,三次市,58264,広島県,https://www.city.miyoshi.hiroshima.jp/index.html
042030,塩竈市,58057,宮城県,https://www.city.shiogama.miyagi.jp/
402281,朝倉市,57881,福岡県,https://www.city.asakura.lg.jp/www/toppage/0000000000000/APM03000.html
122378,山武市,57806,千葉県,https://www.city.sammu.lg.jp/
082244,守谷市,57793,茨城県,https://www.city.moriya.ibaraki.jp/
232386,長久手市,57764,愛知県,https://www.city.nagakute.lg.jp/index.html
412058,伊万里市,57604,佐賀県,https://www.city.imari.saga.jp/
202142,茅野市,57363,長野県,https://www.city.chino.lg.jp/
402044,直方市,57319,福岡県,https://www.city.nogata.fukuoka.jp/
272299,四條畷市,57239,大阪府,https://www.city.shijonawate.lg.jp/
122327,白井市,57151,千葉県,https://www.city.shiroi.chiba.jp/
082287,坂東市,57128,茨城県,https://www.city.bando.lg.jp/
402231,古賀市,57084,福岡県,https://www.city.koga.fukuoka.jp/
162108,南砺市,57061,富山県,https://www.city.nanto.toyama.jp/cms-sypher/www/index.jsp
132276,羽村市,56984,東京都,https://www.city.hamura.tokyo.jp/
272329,阪南市,56853,大阪府,https://www.city.hannan.lg.jp/
462080,出水市,56851,鹿児島県,https://www.city.kagoshima-izumi.lg.jp/
112160,羽生市,56820,埼玉県,https://www.city.hanyu.lg.jp/
242152,志摩市,56758,三重県,https://www.city.shima.mie.jp/
432083,山鹿市,56741,熊本県,https://www.city.yamaga.kumamoto.jp/www/toppage/0000000000000/APM03000.html
232335,清須市,56635,愛知県,https://www.city.kiyosu.aichi.jp/
372030,坂出市,56501,香川県,https://www.city.sakaide.lg.jp/
472107,糸満市,56171,沖縄県,https://www.city.itoman.lg.jp/
332054,笠岡市,55987,岡山県,https://www.city.kasaoka.okayama.jp/
152188,五泉市,55936,新潟県,https://www.city.gosen.lg.jp/
302023,海南市,55877,和歌山県,https://www.city.kainan.lg.jp/
352047,萩市,55831,山口県,https://www.city.hagi.lg.jp/
432041,荒尾市,55505,熊本県,https://www.city.arao.lg.jp/
112429,日高市,55454,埼玉県,https://www.city.hidaka.lg.jp/
032166,滝沢市,55153,岩手県,https://www.city.takizawa.iwate.jp/
252115,湖南市,55144,滋賀県,https://www.city.shiga-konan.lg.jp/
262081,向日市,55137,京都府,https://www.city.muko.kyoto.jp/
402249,福津市,55123,福岡県,https://www.city.fukutsu.lg.jp/
212105,恵那市,54844,岐阜県,https://www.city.ena.lg.jp/
372064,さぬき市,54832,香川県,https://www.city.sanuki.kagawa.jp/
072087,喜多方市,54684,福島県,https://www.city.kitakata.fukushima.jp/
082261,那珂市,54618,茨城県,https://www.city.naka.lg.jp/
472123,豊見城市,54586,沖縄県,https://www.city.tomigusuku.lg.jp/
352071,下松市,54026,山口県,https://www.city.kudamatsu.lg.jp/
212113,美濃加茂市,53988,岐阜県,https://www.city.minokamo.gifu.jp/shimin/
222208,裾野市,53740,静岡県,https://www.city.susono.shizuoka.jp/
202045,岡谷市,53722,長野県,https://www.city.okaya.lg.jp/
052078,湯沢市,53588,秋田県,https://www.city-yuzawa.jp/
432164,合志市,53490,熊本県,https://www.city.koshi.lg.jp/
112402,幸手市,53485,埼玉県,https://www.city.satte.lg.jp/
102105,富岡市,53332,群馬県,https://www.city.tomioka.lg.jp/www/index.html
162051,氷見市,53316,富山県,https://www.city.himi.toyama.jp/
352101,光市,53274,山口県,https://www.city.hikari.lg.jp/
202070,須坂市,53097,長野県,https://www.city.suzaka.nagano.jp/
252123,高島市,52967,滋賀県,https://www.city.takashima.lg.jp/www/toppage/0000000000000/APM03000.html
232165,常滑市,52837,愛知県,https://www.city.tokoname.aichi.jp/
082368,小美玉市,52834,茨城県,https://www.city.omitama.lg.jp/
472140,宮古島市,52777,沖縄県,https://www.city.miyakojima.lg.jp/
202061,諏訪市,52671,長野県,https://www.city.suwa.lg.jp/www/index.jsp
042161,富谷市,52491,宮城県,https://www.tomiya-city.miyagi.jp/
422142,南島原市,52347,長崎県,https://www.city.minamishimabara.lg.jp/
102067,沼田市,52319,群馬県,https://www.city.numata.gunma.jp/
082074,結城市,52065,茨城県,https://www.city.yuki.lg.jp/
172120,野々市市,51976,石川県,https://www.city.nonoichi.lg.jp/
102121,みどり市,51964,群馬県,https://www.city.midori.gunma.jp/www/index.html
192023,富士吉田市,51879,山梨県,https://www.city.fujiyoshida.yamanashi.jp/
302091,岩出市,51843,和歌山県,https://www.city.iwade.lg.jp/
112461,白岡市,51684,埼玉県,https://www.city.shiraoka.lg.jp/
122335,富里市,51590,千葉県,https://www.city.tomisato.lg.jp/
012301,登別市,51474,北海道,https://www.city.noboribetsu.lg.jp/
462161,日置市,51472,鹿児島県,https://www.city.hioki.kagoshima.jp/
432105,菊池市,51471,熊本県,https://www.city.kikuchi.lg.jp/
312037,倉吉市,51453,鳥取県,https://www.city.kurayoshi.lg.jp/
232211,新城市,51326,愛知県,https://www.city.shinshiro.lg.jp/
282120,赤穂市,51277,兵庫県,https://www.city.ako.lg.jp/
212164,瑞穂市,51230,岐阜県,https://www.city.mizuho.lg.jp/
122394,大網白里市,51176,千葉県,https://www.city.oamishirasato.lg.jp/
282243,南あわじ市,51069,兵庫県,https://www.city.minamiawaji.hyogo.jp/
322041,益田市,50980,島根県,https://www.city.masuda.lg.jp/
082341,鉾田市,50869,茨城県,https://www.city.hokota.lg.jp/
412066,武雄市,50788,佐賀県,https://www.city.takeo.lg.jp/
402061,田川市,50484,福岡県,https://www.joho.tagawa.fukuoka.jp/
332143,真庭市,50405,岡山県,https://www.city.maniwa.lg.jp/
392049,南国市,50315,高知県,https://www.city.nankoku.lg.jp/
242101,亀山市,50304,三重県,https://www.city.kameyama.mie.jp/
402311,那珂川市,50004,福岡県,https://www.city.nakagawa.lg.jp/
122050,館山市,49987,千葉県,https://www.city.tateyama.chiba.jp/
252107,野洲市,49821,滋賀県,https://www.city.yasu.lg.jp/
222267,牧之原市,49726,静岡県,https://www.city.makinohara.shizuoka.jp/
222259,伊豆の国市,49711,静岡県,https://www.city.izunokuni.shizuoka.jp/
282189,小野市,49664,兵庫県,https://www.city.ono.hyogo.jp/
382078,大洲市,49543,愛媛県,https://www.city.ozu.ehime.jp/
162086,砺波市,49396,富山県,https://www.city.tonami.toyama.jp/
142107,三浦市,49371,神奈川県,https://www.city.miura.kanagawa.jp/
122262,富津市,48973,千葉県,https://www.city.futtsu.lg.jp/
422037,島原市,48953,長崎県,https://www.city.shimabara.lg.jp/
012360,北斗市,48779,北海道,https://www.city.hokuto.hokkaido.jp/index.html
422134,雲仙市,48701,長崎県,https://www.city.unzen.nagasaki.jp/
152161,糸魚川市,48653,新潟県,https://www.city.itoigawa.lg.jp/
282057,洲本市,48631,兵庫県,https://www.city.sumoto.lg.jp/
082155,北茨城市,48437,茨城県,https://www.city.kitaibaraki.lg.jp/
282201,加西市,48435,兵庫県,https://www.city.kasai.hyogo.jp/
402117,筑後市,48281,福岡県,https://www.city.chikugo.lg.jp/
082295,稲敷市,48125,茨城県,https://www.city.inashiki.lg.jp/index.html
462225,奄美市,48116,鹿児島県,https://www.city.amami.lg.jp/
172111,能美市,48106,石川県,https://www.city.nomi.ishikawa.jp/www/index.html
232289,岩倉市,48042,愛知県,https://www.city.iwakura.aichi.jp/
282260,淡路市,47849,兵庫県,https://www.city.awaji.lg.jp/
192091,北杜市,47754,山梨県,https://www.city.hokuto.yamanashi.jp/
222241,菊川市,47702,静岡県,https://www.city.kikugawa.shizuoka.jp/
082317,桜川市,47480,茨城県,https://www.city.sakuragawa.lg.jp/index.html
082252,常陸大宮市,46729,茨城県,https://www.city.hitachiomiya.lg.jp/
242144,いなべ市,46676,三重県,https://www.city.inabe.mie.jp/
472077,石垣市,46489,沖縄県,https://www.city.ishigaki.okinawa.jp/
212199,郡上市,46338,岐阜県,https://www.city.gujo.gifu.jp/
202118,中野市,46295,長野県,https://www.city.nakano.nagano.jp/
152234,阿賀野市,46158,新潟県,https://www.city.agano.niigata.jp/
062111,東根市,46141,山形県,https://www.city.higashine.yamagata.jp/
162043,魚津市,45945,富山県,https://www.city.uozu.toyama.jp/
082104,下妻市,45918,茨城県,https://www.city.shimotsuma.lg.jp/
402150,中間市,45549,福岡県,https://www.city.nakama.lg.jp/
412082,小城市,45516,佐賀県,https://www.city.ogi.lg.jp/
462101,指宿市,45455,鹿児島県,https://www.city.ibusuki.lg.jp/
202088,小諸市,45333,長野県,https://www.city.komoro.lg.jp/
362051,吉野川市,44905,徳島県,https://www.city.yoshinogawa.lg.jp/
042111,岩沼市,44595,宮城県,https://www.city.iwanuma.miyagi.jp/
222216,湖西市,44545,静岡県,https://www.city.kosai.shizuoka.jp/
082309,かすみがうら市,44450,茨城県,https://www.city.kasumigaura.lg.jp/
402273,嘉麻市,44431,福岡県,https://www.city.kama.lg.jp/
332071,井原市,44423,岡山県,https://www.city.ibara.okayama.jp/
282219,丹波篠山市,44345,兵庫県,https://www.city.tambasasayama.lg.jp/
142174,南足柄市,44285,神奈川県,https://www.city.minamiashigara.kanagawa.jp/
342084,府中市,44212,広島県,https://www.city.fuchu.hiroshima.jp/
131016,千代田区,43802,東京都,https://www.city.chiyoda.lg.jp/
332135,赤磐市,43742,岡山県,https://www.city.akaiwa.lg.jp/
122343,南房総市,43553,千葉県,https://www.city.minamiboso.chiba.jp/
382141,西予市,43476,愛媛県,https://www.city.seiyo.ehime.jp/
232271,高浜市,43467,愛知県,https://www.city.takahama.lg.jp/
062065,寒河江市,43299,山形県,https://www.city.sagae.yamagata.jp/
322091,雲南市,43269,島根県,https://www.city.unnan.shimane.jp/unnan/
452041,日南市,43264,宮崎県,https://www.city.nichinan.lg.jp/
042145,東松島市,43238,宮城県,https://www.city.higashimatsushima.miyagi.jp/
232351,弥富市,43145,愛知県,https://www.city.yatomi.lg.jp/
282138,西脇市,43126,兵庫県,https://www.city.nishiwaki.lg.jp/
322067,安来市,42997,島根県,https://www.city.yasugi.shimane.jp/
012254,滝川市,42815,北海道,https://www.city.takikawa.lg.jp/
162078,黒部市,42612,富山県,https://www.city.kurobe.toyama.jp/
022071,三沢市,42535,青森県,https://www.city.misawa.lg.jp/
442062,臼杵市,42464,大分県,https://www.city.usuki.oita.jp/
422118,五島市,42447,長崎県,https://www.city.goto.nagasaki.jp/
092142,さくら市,42403,栃木県,https://www.city.tochigi-sakura.lg.jp/
152251,魚沼市,42334,新潟県,https://www.city.uonuma.lg.jp/
282278,宍粟市,42302,兵庫県,https://www.city.shiso.lg.jp/
072117,田村市,42221,福島県,https://www.city.tamura.lg.jp/
402290,みやま市,42219,福岡県,https://www.city.miyama.lg.jp/
152111,見附市,42139,新潟県,https://www.city.mitsuke.niigata.jp/
032034,大船渡市,42119,岩手県,https://www.city.ofunato.iwate.jp/
082350,つくばみらい市,41957,茨城県,https://www.city.tsukubamirai.lg.jp/
342106,庄原市,41747,広島県,https://www.city.shobara.hiroshima.jp/
122386,いすみ市,41605,千葉県,https://www.city.isumi.lg.jp/
212083,瑞浪市,41556,岐阜県,https://www.city.mizunami.lg.jp/
362034,小松島市,41540,徳島県,https://www.city.komatsushima.lg.jp/
122351,匝瑳市,41361,千葉県,https://www.city.sosa.lg.jp/
032115,釜石市,41348,岩手県,https://www.city.kamaishi.iwate.jp/
462179,曽於市,41179,鹿児島県,https://www.city.soo.kagoshima.jp/
462233,南九州市,40891,鹿児島県,https://www.city.minamikyushu.lg.jp/
252140,米原市,40757,滋賀県,https://www.city.maibara.lg.jp/
222054,熱海市,40524,静岡県,https://www.city.atami.lg.jp/
452050,小林市,40514,宮崎県,https://www.city.kobayashi.lg.jp/
442127,豊後大野市,40409,大分県,https://www.bungo-ohno.jp/
462209,南さつま市,40386,鹿児島県,https://www.city.minamisatsuma.lg.jp/
362069,阿波市,40303,徳島県,https://www.city.awa.lg.jp/
382043,八幡浜市,40010,愛媛県,https://www.city.yawatahama.ehime.jp/
282286,加東市,39935,兵庫県,https://www.city.kato.lg.jp/
352110,長門市,39825,山口県,https://www.city.nagato.yamaguchi.jp/
062057,新庄市,39808,山形県,https://www.city.shinjo.yamagata.jp/
322059,大田市,39593,島根県,https://www.city.oda.lg.jp/
472158,南城市,39458,沖縄県,https://www.city.nanjo.okinawa.jp/
152081,小千谷市,39304,新潟県,https://www.city.ojiya.niigata.jp/
082333,行方市,39117,茨城県,https://www.city.namegata.ibaraki.jp/
332119,備前市,39117,岡山県,https://www.city.bizen.okayama.jp/
022098,つがる市,38919,青森県,https://www.city.tsugaru.aomori.jp/
382108,伊予市,38890,愛媛県,https://www.city.iyo.lg.jp/
332127,瀬戸内市,38645,岡山県,https://www.city.setouchi.lg.jp/
042064,白石市,38629,宮城県,https://www.city.shiroishi.miyagi.jp/
052132,北秋田市,38543,秋田県,https://www.city.kitaakita.akita.jp/
072095,相馬市,38543,福島県,https://www.city.soma.fukushima.jp/
212211,海津市,38532,岐阜県,https://www.city.kaizu.lg.jp/
402125,大川市,38266,福岡県,https://www.city.okawa.lg.jp/index.html
192058,山梨市,38202,山梨県,https://www.city.yamanashi.yamanashi.jp/
012149,稚内市,37911,北海道,https://www.city.wakkanai.hokkaido.jp/
432113,宇土市,37897,熊本県,https://www.city.uto.lg.jp/
032077,久慈市,37824,岩手県,https://www.city.kuji.iwate.jp/index.html
022047,黒石市,37585,青森県,https://www.city.kuroishi.aomori.jp/
332097,高梁市,37573,岡山県,https://www.city.takahashi.lg.jp/
212202,下呂市,37455,岐阜県,https://www.city.gero.lg.jp/
392103,四万十市,37182,高知県,https://www.city.shimanto.lg.jp/topj.html
332160,浅口市,37108,岡山県,https://www.city.asakuchi.lg.jp/
262030,綾部市,37081,京都府,https://www.city.ayabe.lg.jp/
152170,妙高市,36837,新潟県,https://www.city.myoko.niigata.jp/
422070,平戸市,36785,長崎県,https://www.city.hirado.nagasaki.jp/
182052,大野市,36763,福井県,https://www.city.ono.fukui.jp/
432032,人吉市,36556,熊本県,https://www.city.hitoyoshi.lg.jp/
012335,伊達市,36461,北海道,https://www.city.date.hokkaido.jp/
422096,対馬市,36347,長崎県,https://www.city.tsushima.nagasaki.jp/
292079,五條市,36002,奈良県,https://www.city.gojo.lg.jp/
262137,南丹市,35937,京都府,https://www.city.nantan.kyoto.jp/www/
222224,伊豆市,35911,静岡県,https://www.city.izu.shizuoka.jp/
312045,境港市,35908,鳥取県,https://www.city.sakaiminato.lg.jp/
292125,宇陀市,35895,奈良県,https://www.city.uda.nara.jp/
122238,鴨川市,35792,千葉県,https://www.city.kamogawa.lg.jp/
052094,鹿角市,35543,秋田県,https://www.city.kazuno.lg.jp/
382159,東温市,35517,愛媛県,https://www.city.toon.ehime.jp/
092118,矢板市,35462,栃木県,https://www.city.yaita.tochigi.jp/
052116,潟上市,35460,秋田県,https://www.city.katagami.lg.jp/
352128,柳井市,35438,山口県,https://www.city-yanai.jp/
442135,由布市,35298,大分県,https://www.city.yufu.oita.jp/
292117,葛城市,35194,奈良県,https://www.city.katsuragi.nara.jp/
372048,善通寺市,35180,香川県,https://www.city.zentsuji.kagawa.jp/
062073,上山市,35086,山形県,https://www.city.kaminoyama.yamagata.jp/
192139,甲州市,35072,山梨県,https://www.city.koshu.yamanashi.jp/
332101,新見市,35022,岡山県,https://www.city.niimi.okayama.jp/
222232,御前崎市,35015,静岡県,https://www.city.omaezaki.shizuoka.jp/
372072,東かがわ市,34953,香川県,https://www.higashikagawa.jp/
172090,かほく市,34747,石川県,https://www.city.kahoku.lg.jp/
212181,本巣市,34729,岐阜県,https://www.city.motosu.lg.jp/
202100,駒ヶ根市,34696,長野県,https://www.city.komagane.nagano.jp/
022101,平川市,34638,青森県,https://www.city.hirakawa.lg.jp/
062138,南陽市,34542,山形県,http://www.city.nanyo.yamagata.jp/
192040,都留市,34439,山梨県,https://www.city.tsuru.yamanashi.jp/
052060,男鹿市,34194,秋田県,https://www.city.oga.akita.jp/
462217,志布志市,34105,鹿児島県,https://www.city.shibushi.lg.jp/
282251,朝来市,34084,兵庫県,https://www.city.asago.hyogo.jp/
392111,香南市,34084,高知県,https://www.city.kochi-konan.lg.jp/
162060,滑川市,33789,富山県,https://www.city.namerikawa.toyama.jp/
192074,韮崎市,33539,山梨県,https://www.city.nirasaki.lg.jp/
362077,美馬市,33520,徳島県,https://www.city.mima.lg.jp/
442143,国東市,33473,大分県,https://www.city.kunisaki.oita.jp/
442101,杵築市,33465,大分県,https://www.city.kitsuki.lg.jp/
412104,神埼市,33449,佐賀県,https://www.city.kanzaki.saga.jp/
452084,西都市,33290,宮崎県,https://www.city.saito.lg.jp/
422126,西海市,32737,長崎県,https://www.city.saikai.nagasaki.jp/
162094,小矢部市,32656,富山県,https://www.city.oyabe.toyama.jp/
302074,新宮市,32654,和歌山県,https://www.city.shingu.lg.jp/forms/top/top.aspx
042081,角田市,32559,宮城県,https://www.city.kakuda.lg.jp/
342149,安芸高田市,32323,広島県,https://www.akitakata.jp/ja/
402257,うきは市,32277,福岡県,https://www.city.ukiha.fukuoka.jp/
152277,胎内市,32165,新潟県,https://www.city.tainai.niigata.jp/
462195,いちき串木野市,32079,鹿児島県,https://www.city.ichikikushikino.lg.jp/
082147,高萩市,32031,茨城県,https://www.city.takahagi.ibaraki.jp/index.html
282081,相生市,31973,兵庫県,https://www.city.aioi.lg.jp/
192147,中央市,31875,山梨県,https://www.city.chuo.yamanashi.jp/
072141,本宮市,31737,福島県,https://www.city.motomiya.lg.jp/
332151,美作市,31550,岡山県,https://www.city.mimasaka.lg.jp/
172049,輪島市,31532,石川県,https://www.city.wajima.ishikawa.jp/
182044,小浜市,31486,福井県,https://www1.city.obama.fukui.jp/
412074,鹿島市,31326,佐賀県,https://www.city.saga-kashima.lg.jp/
202126,大町市,31276,長野県,https://www.city.omachi.nagano.jp/
202193,東御市,31211,長野県,https://www.city.tomi.nagano.jp/
302040,有田市,31194,和歌山県,https://www.city.arida.lg.jp/
292087,御所市,31160,奈良県,https://www.city.gose.nara.jp/
082236,潮来市,31103,茨城県,https://www.city.itako.lg.jp/
432121,上天草市,31051,熊本県,https://www.city.kamiamakusa.kumamoto.jp/
362085,三好市,30998,徳島県,https://www.miyoshi.i-tokushima.jp/
052159,仙北市,30885,秋田県,https://www.city.semboku.akita.jp/
152099,加茂市,30800,新潟県,https://www.city.kamo.niigata.jp/
402265,宮若市,30793,福岡県,https://www.city.miyawaka.lg.jp/
182087,あわら市,30765,福井県,https://www.city.awara.lg.jp/
032131,二戸市,30685,岩手県,https://www.city.ninohe.lg.jp/
032085,遠野市,30587,岩手県,https://www.city.tono.iwate.jp/
092151,那須烏山市,30433,栃木県,https://www.city.nasukarasuyama.lg.jp/
422100,壱岐市,30352,長崎県,https://www.city.iki.nagasaki.jp/
062090,長井市,30285,山形県,https://www.city.nagai.yamagata.jp/
152129,村上市,30197,新潟県,https://www.city.murakami.lg.jp/
462241,伊佐市,30070,鹿児島県,https://www.city.isa.kagoshima.jp/
032140,八幡平市,29993,岩手県,https://www.city.hachimantai.lg.jp/
012211,名寄市,29869,北海道,http://www.city.nayoro.lg.jp/
192066,大月市,29869,山梨県,https://www.city.otsuki.yamanashi.jp/
212156,山県市,29857,岐阜県,https://www.city.yamagata.gifu.jp/
342033,竹原市,29803,広島県,https://www.city.takehara.lg.jp/
392057,土佐市,29726,高知県,https://www.city.tosa.lg.jp/
342114,大竹市,29665,広島県,https://www.city.otake.hiroshima.jp/
412091,嬉野市,29644,佐賀県,https://www.city.ureshino.lg.jp/
432148,阿蘇市,29149,熊本県,https://www.city.aso.kumamoto.jp/
392120,香美市,29144,高知県,https://www.city.kami.lg.jp/
012238,根室市,28923,北海道,https://www.city.nemuro.hokkaido.jp/
342157,江田島市,28601,広島県,https://www.city.etajima.hiroshima.jp/cms/
052141,にかほ市,28422,秋田県,https://www.city.nikaho.akita.jp/
192121,上野原市,28295,山梨県,https://www.city.uenohara.yamanashi.jp/
432059,水俣市,28123,熊本県,https://www.city.minamata.lg.jp/
212172,飛騨市,28112,岐阜県,https://www.city.hida.gifu.jp/
062081,村山市,27586,山形県,https://www.city.murayama.lg.jp/
402141,豊前市,27578,福岡県,https://www.city.buzen.lg.jp/
282227,養父市,27428,兵庫県,https://www.city.yabu.hyogo.jp/
322075,江津市,26958,島根県,https://www.city.gotsu.lg.jp/
302058,御坊市,26335,和歌山県,https://www.city.gobo.lg.jp/
182061,勝山市,26333,福井県,https://www.city.katsuyama.fukui.jp/
422088,松浦市,26007,長崎県,https://www.city-matsuura.jp/
222194,下田市,25784,静岡県,https://www.city.shimoda.shizuoka.jp/
392065,須崎市,25679,高知県,https://www.city.susaki.lg.jp/
442089,竹田市,25449,大分県,https://www.city.taketa.oita.jp/
012157,美唄市,25312,北海道,https://www.city.bibai.hokkaido.jp/
442097,豊後高田市,24484,大分県,https://www.city.bungotakada.oita.jp/
462047,枕崎市,24400,鹿児島県,https://www.city.makurazaki.lg.jp/
012190,紋別市,24293,北海道,https://mombetsu.jp/
462063,阿久根市,24166,鹿児島県,https://www.city.akune.lg.jp/
202134,飯山市,24155,長野県,https://www.city.iiyama.nagano.jp/
012122,留萌市,24036,北海道,https://www.e-rumoi.jp/
172073,羽咋市,23963,石川県,https://www.city.hakui.lg.jp/
032107,陸前高田市,23961,岩手県,https://www.city.rikuzentakata.iwate.jp/
012297,富良野市,23890,北海道,https://www.city.furano.hokkaido.jp/
392081,宿毛市,23771,高知県,https://www.city.sukumo.kochi.jp/
012289,深川市,23215,北海道,https://www.city.fukagawa.lg.jp/
352136,美祢市,23140,山口県,https://www2.city.mine.lg.jp/www/toppage/0000000000000/APM03000.html
212075,美濃市,22912,岐阜県,https://www.city.mino.gifu.jp/
452092,えびの市,22445,宮崎県,https://www.city.ebino.lg.jp/
242110,鳥羽市,22286,三重県,https://www.city.toba.mie.jp/
412040,多久市,22165,佐賀県,https://www.city.taku.lg.jp/
012203,士別市,21640,北海道,https://www.city.shibetsu.lg.jp/www/index.html
122181,勝浦市,21413,千葉県,https://www.city.katsuura.lg.jp/forms/top/top.aspx
452076,串間市,21386,宮崎県,https://www.city.kushima.lg.jp/
242098,尾鷲市,21272,三重県,https://www.city.owase.lg.jp/public/sougou_top/index_sou.html
262056,宮津市,20565,京都府,https://www.city.miyazu.kyoto.jp/www/normal_top.jsp
442071,津久見市,20561,大分県,https://www.city.tsukumi.oita.jp/
392031,安芸市,20555,高知県,https://www.city.aki.kochi.jp/
242128,熊野市,20477,三重県,https://www.city.kumano.lg.jp/
062120,尾花沢市,19937,山形県,https://www.city.obanazawa.yamagata.jp/
462144,垂水市,18078,鹿児島県,https://www.city.tarumizu.lg.jp/
012262,砂川市,16283,北海道,https://www.city.sunagawa.hokkaido.jp/
462136,西之表市,14809,鹿児島県,https://www.city.nishinoomote.lg.jp/
172057,珠洲市,13472,石川県,https://www.city.suzu.lg.jp/
392090,土佐清水市,12717,高知県,https://www.city.tosashimizu.kochi.jp/
012165,芦別市,12542,北海道,https://www.city.ashibetsu.hokkaido.jp/
392022,室戸市,12451,高知県,https://www.city.muroto.kochi.jp/
012181,赤平市,9453,北海道,https://www.city.akabira.hokkaido.jp/
012220,三笠市,8029,北海道,https://www.city.mikasa.hokkaido.jp/
012092,夕張市,7205,北海道,https://www.city.yubari.lg.jp/
012271,歌志内市,2971,北海道,https://www.city.utashinai.hokkaido.jp/
