municipality_code,name,base_url,bid_url_pattern,bid_system,parser_type
010006,北海道,https://www.pref.hokkaido.lg.jp/,https://search.geps.go.jp/search?q=%E5%8C%97%E6%B5%B7%E9%81%93&pref=01,GEPS,prefecture
020001,青森県,https://www.pref.aomori.lg.jp/,https://search.geps.go.jp/search?q=%E9%9D%92%E6%A3%AE%E7%9C%8C&pref=02,GEPS,prefecture
030007,岩手県,https://www.pref.iwate.jp/,https://search.geps.go.jp/search?q=%E5%B2%A9%E6%89%8B%E7%9C%8C&pref=03,GEPS,prefecture
040002,宮城県,https://www.pref.miyagi.jp/,https://search.geps.go.jp/search?q=%E5%AE%AE%E5%9F%8E%E7%9C%8C&pref=04,GEPS,prefecture
050008,秋田県,https://www.pref.akita.lg.jp/,https://search.geps.go.jp/search?q=%E7%A7%8B%E7%94%B0%E7%9C%8C&pref=05,GEPS,prefecture
060003,山形県,https://www.pref.yamagata.jp/,https://search.geps.go.jp/search?q=%E5%B1%B1%E5%BD%A2%E7%9C%8C&pref=06,GEPS,prefecture
070009,福島県,https://www.pref.fukushima.lg.jp/,https://search.geps.go.jp/search?q=%E7%A6%8F%E5%B3%B6%E7%9C%8C&pref=07,GEPS,prefecture
080004,茨城県,https://www.pref.ibaraki.jp/,https://search.geps.go.jp/search?q=%E8%8C%A8%E5%9F%8E%E7%9C%8C&pref=08,GEPS,prefecture
090000,栃木県,https://www.pref.tochigi.lg.jp/,https://search.geps.go.jp/search?q=%E6%A0%83%E6%9C%A8%E7%9C%8C&pref=09,GEPS,prefecture
100005,群馬県,https://www.pref.gunma.jp/,https://search.geps.go.jp/search?q=%E7%BE%A4%E9%A6%AC%E7%9C%8C&pref=10,GEPS,prefecture
110001,埼玉県,https://www.pref.saitama.lg.jp/,https://search.geps.go.jp/search?q=%E5%9F%BC%E7%8E%89%E7%9C%8C&pref=11,GEPS,prefecture
120006,千葉県,https://www.pref.chiba.lg.jp/,https://search.geps.go.jp/search?q=%E5%8D%83%E8%91%89%E7%9C%8C&pref=12,GEPS,prefecture
130001,東京都,https://www.metro.tokyo.lg.jp/,https://search.geps.go.jp/search?q=%E6%9D%B1%E4%BA%AC%E9%83%BD&pref=13,GEPS,prefecture
140007,神奈川県,https://www.pref.kanagawa.jp/,https://search.geps.go.jp/search?q=%E7%A5%9E%E5%A5%88%E5%B7%9D%E7%9C%8C&pref=14,GEPS,prefecture
150002,新潟県,https://www.pref.niigata.lg.jp/,https://search.geps.go.jp/search?q=%E6%96%B0%E6%BD%9F%E7%9C%8C&pref=15,GEPS,prefecture
160008,富山県,https://www.pref.toyama.jp/,https://search.geps.go.jp/search?q=%E5%AF%8C%E5%B1%B1%E7%9C%8C&pref=16,GEPS,prefecture
170003,石川県,https://www.pref.ishikawa.lg.jp/,https://search.geps.go.jp/search?q=%E7%9F%B3%E5%B7%9D%E7%9C%8C&pref=17,GEPS,prefecture
180009,福井県,https://www.pref.fukui.lg.jp/,https://search.geps.go.jp/search?q=%E7%A6%8F%E4%BA%95%E7%9C%8C&pref=18,GEPS,prefecture
190004,山梨県,https://www.pref.yamanashi.jp/,https://search.geps.go.jp/search?q=%E5%B1%B1%E6%A2%A8%E7%9C%8C&pref=19,GEPS,prefecture
200000,長野県,https://www.pref.nagano.lg.jp/,https://search.geps.go.jp/search?q=%E9%95%B7%E9%87%8E%E7%9C%8C&pref=20,GEPS,prefecture
210005,岐阜県,https://www.pref.gifu.lg.jp/,https://search.geps.go.jp/search?q=%E5%B2%90%E9%98%9C%E7%9C%8C&pref=21,GEPS,prefecture
220001,静岡県,https://www.pref.shizuoka.jp/,https://search.geps.go.jp/search?q=%E9%9D%99%E5%B2%A1%E7%9C%8C&pref=22,GEPS,prefecture
230006,愛知県,https://www.pref.aichi.jp/,https://search.geps.go.jp/search?q=%E6%84%9B%E7%9F%A5%E7%9C%8C&pref=23,GEPS,prefecture
240001,三重県,https://www.pref.mie.lg.jp/,https://search.geps.go.jp/search?q=%E4%B8%89%E9%87%8D%E7%9C%8C&pref=24,GEPS,prefecture
250007,滋賀県,https://www.pref.shiga.lg.jp/,https://search.geps.go.jp/search?q=%E6%BB%8B%E8%B3%80%E7%9C%8C&pref=25,GEPS,prefecture
260002,京都府,https://www.pref.kyoto.jp/,https://search.geps.go.jp/search?q=%E4%BA%AC%E9%83%BD%E5%BA%9C&pref=26,GEPS,prefecture
270008,大阪府,https://www.pref.osaka.lg.jp/,https://search.geps.go.jp/search?q=%E5%A4%A7%E9%98%AA%E5%BA%9C&pref=27,GEPS,prefecture
280003,兵庫県,https://web.pref.hyogo.lg.jp/,https://search.geps.go.jp/search?q=%E5%85%B5%E5%BA%AB%E7%9C%8C&pref=28,GEPS,prefecture
290009,奈良県,https://www.pref.nara.jp/,https://search.geps.go.jp/search?q=%E5%A5%88%E8%89%AF%E7%9C%8C&pref=29,GEPS,prefecture
300004,和歌山県,https://www.pref.wakayama.lg.jp/,https://search.geps.go.jp/search?q=%E5%92%8C%E6%AD%8C%E5%B1%B1%E7%9C%8C&pref=30,GEPS,prefecture
310000,鳥取県,https://www.pref.tottori.lg.jp/,https://search.geps.go.jp/search?q=%E9%B3%A5%E5%8F%96%E7%9C%8C&pref=31,GEPS,prefecture
320005,島根県,https://www.pref.shimane.lg.jp/,https://search.geps.go.jp/search?q=%E5%B3%B6%E6%A0%B9%E7%9C%8C&pref=32,GEPS,prefecture
330001,岡山県,https://www.pref.okayama.jp/,https://search.geps.go.jp/search?q=%E5%B2%A1%E5%B1%B1%E7%9C%8C&pref=33,GEPS,prefecture
340006,広島県,https://www.pref.hiroshima.lg.jp/,https://search.geps.go.jp/search?q=%E5%BA%83%E5%B3%B6%E7%9C%8C&pref=34,GEPS,prefecture
350001,山口県,https://www.pref.yamaguchi.lg.jp/,https://search.geps.go.jp/search?q=%E5%B1%B1%E5%8F%A3%E7%9C%8C&pref=35,GEPS,prefecture
360007,徳島県,https://www.pref.tokushima.lg.jp/,https://search.geps.go.jp/search?q=%E5%BE%B3%E5%B3%B6%E7%9C%8C&pref=36,GEPS,prefecture
370002,香川県,https://www.pref.kagawa.lg.jp/,https://search.geps.go.jp/search?q=%E9%A6%99%E5%B7%9D%E7%9C%8C&pref=37,GEPS,prefecture
380008,愛媛県,https://www.pref.ehime.jp/,https://search.geps.go.jp/search?q=%E6%84%9B%E5%AA%9B%E7%9C%8C&pref=38,GEPS,prefecture
390003,高知県,https://www.pref.kochi.lg.jp/,https://search.geps.go.jp/search?q=%E9%AB%98%E7%9F%A5%E7%9C%8C&pref=39,GEPS,prefecture
400009,福岡県,https://www.pref.fukuoka.lg.jp/,https://search.geps.go.jp/search?q=%E7%A6%8F%E5%B2%A1%E7%9C%8C&pref=40,GEPS,prefecture
410004,佐賀県,https://www.pref.saga.lg.jp/,https://search.geps.go.jp/search?q=%E4%BD%90%E8%B3%80%E7%9C%8C&pref=41,GEPS,prefecture
420000,長崎県,https://www.pref.nagasaki.lg.jp/,https://search.geps.go.jp/search?q=%E9%95%B7%E5%B4%8E%E7%9C%8C&pref=42,GEPS,prefecture
430005,熊本県,https://www.pref.kumamoto.jp/,https://search.geps.go.jp/search?q=%E7%86%8A%E6%9C%AC%E7%9C%8C&pref=43,GEPS,prefecture
440001,大分県,https://www.pref.oita.jp/,https://search.geps.go.jp/search?q=%E5%A4%A7%E5%88%86%E7%9C%8C&pref=44,GEPS,prefecture
450006,宮崎県,https://www.pref.miyazaki.lg.jp/,https://search.geps.go.jp/search?q=%E5%AE%AE%E5%B4%8E%E7%9C%8C&pref=45,GEPS,prefecture
460001,鹿児島県,https://www.pref.kagoshima.jp/,https://search.geps.go.jp/search?q=%E9%B9%BF%E5%85%90%E5%B3%B6%E7%9C%8C&pref=46,GEPS,prefecture
470007,沖縄県,https://www.pref.okinawa.lg.jp/,https://search.geps.go.jp/search?q=%E6%B2%96%E7%B8%84%E7%9C%8C&pref=47,GEPS,prefecture
